Age,PreviousPurchases,TrafficSource,TimeOnSite,CartValue,ViewedReviews,PagesVisited,Device,AddedToCart,Converted
56,4,Ads,7.72,64.27,0,8,Tablet,1,0
19,2,Email,8.07,94.33,0,16,Desktop,0,0
61,2,Email,4.55,142.54,0,4,Tablet,1,1
26,0,Organic,5.75,73.3,1,12,Desktop,1,0
31,3,Email,8.97,36.39,0,18,Desktop,1,1
53,2,Organic,4.97,25.0,0,13,Desktop,0,1
18,0,Email,2.37,37.99,0,11,Tablet,0,1
52,2,Ads,3.48,185.98,0,5,Tablet,1,1
44,5,Ads,6.16,139.97,1,19,Mobile,0,1
49,3,Ads,12.87,169.42,1,10,Desktop,1,1
23,2,Email,6.97,165.05,0,7,Desktop,1,0
44,3,Email,1.0,140.73,0,19,Desktop,0,0
49,5,Social Media,2.24,118.41,0,17,Tablet,0,1
45,1,Email,7.42,138.09,0,12,Mobile,1,1
21,1,Social Media,10.18,82.86,1,2,Desktop,1,1
33,3,Organic,13.12,172.42,0,3,Desktop,1,0
24,2,Social Media,5.65,100.68,1,10,Desktop,0,1
43,7,Social Media,10.89,56.11,1,1,Desktop,1,0
25,6,Ads,7.57,5.0,1,9,Mobile,0,0
31,6,Email,3.89,73.69,0,6,Tablet,1,1
25,5,Organic,5.11,178.63,0,17,Tablet,0,1
47,3,Email,7.63,164.42,1,3,Tablet,1,0
38,2,Organic,3.98,22.7,1,3,Mobile,1,0
49,3,Ads,10.65,93.04,0,16,Desktop,1,0
43,8,Organic,7.05,165.54,0,2,Tablet,1,1
42,4,Social Media,2.03,145.56,1,12,Desktop,1,1
23,1,Email,14.43,158.04,1,13,Desktop,1,1
36,3,Organic,9.51,171.95,1,1,Desktop,1,0
42,5,Ads,3.44,90.95,0,5,Desktop,0,0
45,0,Email,7.29,232.32,0,16,Tablet,1,0
47,1,Social Media,8.01,165.36,1,13,Tablet,0,0
19,0,Email,9.94,127.57,1,18,Desktop,1,0
60,5,Email,8.84,82.64,0,8,Desktop,1,1
51,3,Organic,9.35,115.28,1,5,Tablet,1,1
52,3,Social Media,12.66,93.63,1,9,Desktop,1,1
37,4,Social Media,8.97,112.19,1,19,Mobile,1,0
22,3,Email,9.87,157.7,0,10,Tablet,1,1
22,8,Social Media,6.48,38.59,1,2,Tablet,0,0
36,6,Email,7.51,231.65,0,7,Mobile,1,1
56,2,Email,12.77,148.3,1,9,Mobile,1,1
45,4,Email,8.21,179.01,1,5,Mobile,0,1
35,1,Email,5.31,211.55,1,11,Desktop,0,1
25,1,Social Media,5.04,90.53,1,8,Tablet,1,1
45,2,Ads,13.18,30.44,0,13,Desktop,1,1
35,3,Organic,8.43,182.23,0,1,Tablet,1,1
64,2,Email,7.66,194.27,1,1,Mobile,0,0
45,8,Social Media,3.89,152.13,1,2,Desktop,1,0
43,4,Organic,9.24,200.53,1,15,Tablet,1,1
28,1,Social Media,2.81,206.66,1,2,Tablet,1,1
41,5,Ads,9.38,155.17,0,5,Mobile,1,1
30,2,Ads,1.48,241.93,1,11,Mobile,0,1
57,6,Email,6.49,182.72,0,6,Tablet,0,0
43,2,Organic,6.12,103.58,1,15,Desktop,1,0
34,3,Ads,6.36,46.32,1,14,Tablet,1,1
31,1,Ads,10.6,148.26,1,13,Mobile,1,0
32,2,Email,11.57,133.4,0,12,Mobile,0,0
42,3,Ads,15.12,180.87,1,17,Mobile,1,1
54,3,Social Media,8.08,127.64,0,6,Tablet,1,1
47,2,Organic,1.0,161.08,1,6,Tablet,1,1
21,0,Organic,7.97,147.08,1,2,Tablet,1,1
62,2,Email,8.84,5.0,0,15,Tablet,1,1
55,2,Ads,6.04,122.84,0,10,Desktop,1,1
19,3,Ads,9.59,206.49,1,3,Tablet,1,1
61,4,Social Media,8.55,141.19,0,8,Mobile,1,1
47,2,Email,10.23,134.61,0,10,Tablet,1,1
56,6,Social Media,10.06,5.0,0,8,Tablet,1,0
23,3,Social Media,7.96,183.26,1,4,Desktop,1,1
54,2,Social Media,7.84,230.46,1,6,Desktop,1,1
62,2,Social Media,6.72,86.84,1,2,Mobile,0,0
53,2,Ads,2.66,209.76,1,14,Desktop,1,1
57,2,Organic,13.35,155.42,1,8,Mobile,1,1
48,6,Organic,8.17,185.65,1,15,Mobile,0,0
43,4,Email,11.81,70.89,1,11,Desktop,0,1
41,2,Email,11.12,78.11,0,18,Mobile,1,0
37,4,Email,4.82,52.92,0,19,Desktop,0,1
49,5,Organic,8.7,229.08,1,17,Tablet,1,1
21,4,Email,4.67,225.14,0,18,Desktop,1,1
20,2,Social Media,8.3,112.18,0,1,Mobile,1,1
52,4,Email,4.76,156.96,0,16,Mobile,0,1
50,1,Organic,8.98,44.93,1,2,Tablet,1,1
28,3,Ads,4.16,225.29,1,2,Tablet,1,0
39,3,Ads,4.0,112.71,1,17,Desktop,0,1
62,3,Organic,11.31,189.09,1,10,Desktop,1,0
34,3,Social Media,6.73,81.23,0,8,Desktop,0,1
24,5,Social Media,8.44,106.65,0,11,Tablet,0,0
56,4,Email,2.74,112.57,1,19,Tablet,1,0
62,2,Ads,4.2,40.25,1,11,Mobile,1,0
52,5,Email,4.04,106.43,1,19,Mobile,1,1
40,6,Organic,7.07,126.94,1,17,Tablet,0,1
24,0,Social Media,4.76,183.19,1,18,Mobile,1,1
48,4,Organic,3.78,150.06,0,2,Tablet,1,1
43,1,Ads,9.24,5.0,1,13,Mobile,1,1
59,4,Organic,6.69,48.82,1,7,Tablet,0,0
46,0,Social Media,15.79,80.98,0,10,Mobile,0,0
37,2,Ads,3.97,64.88,0,5,Mobile,0,0
63,0,Ads,7.26,67.01,0,5,Mobile,1,0
23,6,Organic,11.41,100.1,0,19,Desktop,1,0
51,1,Ads,9.55,191.65,0,9,Tablet,1,1
59,6,Social Media,7.6,187.54,0,9,Mobile,0,1
59,3,Social Media,2.75,44.56,0,5,Desktop,0,0
54,2,Organic,7.95,191.3,1,19,Tablet,1,1
51,5,Organic,7.2,103.88,0,13,Tablet,1,1
44,4,Ads,7.5,128.8,0,7,Mobile,0,1
31,2,Email,7.26,84.31,1,8,Mobile,0,1
41,2,Organic,7.86,100.21,1,15,Tablet,1,0
21,3,Ads,10.26,178.61,1,18,Mobile,1,1
46,4,Organic,6.65,187.61,1,11,Mobile,1,1
63,2,Organic,8.27,189.95,1,11,Tablet,0,0
31,1,Organic,2.46,86.0,0,6,Desktop,0,0
42,4,Email,7.52,48.8,1,7,Mobile,1,0
41,4,Ads,9.12,74.56,1,6,Mobile,0,0
39,3,Social Media,7.17,118.48,0,18,Mobile,1,1
49,6,Social Media,8.49,65.29,0,1,Desktop,1,0
50,1,Organic,7.19,114.83,0,7,Tablet,0,0
63,2,Ads,9.06,127.97,0,6,Mobile,1,1
48,7,Email,8.34,177.01,1,3,Mobile,0,0
31,1,Email,6.05,90.97,1,19,Desktop,1,0
25,2,Social Media,4.07,191.91,1,3,Mobile,0,0
46,3,Email,7.72,150.17,1,5,Tablet,1,0
37,4,Social Media,12.71,27.39,1,4,Desktop,1,0
29,3,Email,6.57,203.3,1,10,Desktop,0,1
54,4,Email,1.3,134.11,1,6,Tablet,1,0
45,3,Email,3.33,103.66,0,14,Tablet,1,1
29,4,Email,6.95,99.04,0,5,Desktop,1,1
61,4,Email,4.29,157.75,0,5,Desktop,0,1
29,3,Social Media,8.42,147.15,1,15,Tablet,1,0
55,1,Social Media,11.32,57.61,0,8,Tablet,1,0
25,1,Ads,7.69,118.39,0,8,Desktop,1,1
44,5,Ads,5.69,137.8,1,18,Tablet,1,0
50,6,Social Media,11.57,46.34,1,18,Tablet,1,0
62,3,Social Media,4.71,33.6,0,19,Tablet,1,0
49,2,Organic,12.93,180.59,1,14,Tablet,1,1
25,2,Organic,4.53,28.03,0,5,Desktop,0,0
60,4,Ads,10.28,136.87,0,11,Desktop,1,0
30,1,Email,2.92,114.1,0,15,Tablet,1,1
59,3,Email,7.6,110.45,1,10,Desktop,1,0
59,3,Email,6.62,189.14,1,15,Mobile,1,1
38,2,Ads,3.79,224.97,1,8,Desktop,1,1
44,5,Organic,5.49,248.71,1,15,Desktop,0,1
50,1,Ads,8.13,111.18,1,11,Tablet,0,0
42,3,Organic,13.03,86.78,1,7,Mobile,1,1
21,3,Social Media,6.25,59.11,0,9,Desktop,1,0
19,1,Organic,3.96,169.44,1,3,Mobile,1,0
20,1,Email,3.5,40.22,1,8,Desktop,1,0
22,2,Social Media,5.26,124.88,1,16,Mobile,0,0
25,4,Social Media,11.64,128.5,1,6,Mobile,0,1
49,4,Ads,4.79,66.62,0,2,Tablet,1,1
28,4,Organic,9.1,204.12,1,10,Desktop,1,1
55,6,Email,7.48,74.66,0,2,Desktop,0,1
35,5,Email,12.17,153.47,0,3,Mobile,1,1
30,1,Organic,8.17,151.78,1,13,Mobile,1,1
46,2,Email,12.59,193.13,0,19,Desktop,1,0
42,2,Organic,6.31,95.34,0,14,Tablet,0,1
50,5,Email,1.0,176.06,0,3,Desktop,1,0
31,3,Organic,7.3,57.21,1,10,Mobile,1,0
22,1,Ads,5.02,118.14,1,4,Tablet,1,0
35,3,Organic,8.85,132.43,1,17,Mobile,1,1
19,3,Social Media,7.73,175.28,1,2,Tablet,1,1
32,3,Social Media,7.91,135.55,0,8,Desktop,0,1
62,2,Organic,1.0,131.15,1,4,Tablet,1,1
24,5,Social Media,5.61,111.32,1,17,Tablet,0,1
42,2,Social Media,5.42,67.17,0,18,Desktop,1,0
44,6,Ads,9.67,107.38,0,8,Tablet,1,1
42,1,Social Media,8.63,150.75,1,17,Mobile,1,0
49,3,Social Media,4.28,156.33,1,14,Tablet,1,1
61,1,Social Media,5.51,174.56,1,13,Desktop,0,0
32,2,Social Media,6.73,63.59,1,5,Tablet,1,1
36,1,Organic,11.01,132.3,1,8,Tablet,1,0
18,3,Organic,9.02,169.01,0,14,Desktop,1,0
58,6,Email,10.48,167.87,1,16,Tablet,0,0
36,6,Social Media,13.04,74.95,0,6,Desktop,0,0
62,2,Organic,6.31,131.07,1,4,Desktop,0,0
47,4,Organic,7.49,92.81,1,6,Mobile,0,1
36,2,Organic,5.47,111.89,0,15,Desktop,1,1
62,3,Ads,10.55,172.54,1,5,Desktop,0,0
20,0,Email,8.42,13.89,0,19,Desktop,0,0
22,4,Organic,7.92,226.34,1,4,Tablet,1,0
61,4,Email,7.7,107.78,0,3,Desktop,0,1
27,4,Email,6.42,119.16,0,11,Tablet,0,1
50,2,Ads,9.05,221.39,0,16,Mobile,1,0
61,4,Email,5.49,156.65,0,19,Desktop,1,1
58,0,Organic,6.18,217.76,0,1,Desktop,1,0
51,5,Ads,7.29,189.02,0,16,Desktop,0,0
33,3,Email,12.19,123.42,1,19,Desktop,1,0
24,4,Social Media,9.07,69.76,0,14,Mobile,0,0
45,1,Email,7.82,75.85,1,1,Tablet,1,1
56,5,Organic,2.51,132.04,1,4,Tablet,0,0
26,3,Social Media,10.95,159.38,0,3,Desktop,1,1
60,2,Social Media,5.13,145.42,1,6,Mobile,1,1
26,7,Social Media,7.44,179.14,0,5,Desktop,1,1
42,4,Email,9.45,105.88,0,12,Tablet,1,1
61,4,Organic,9.64,69.61,1,1,Mobile,0,0
58,3,Organic,12.75,150.81,1,15,Tablet,0,0
33,1,Organic,9.41,59.61,1,3,Mobile,1,1
55,1,Email,6.49,206.64,1,4,Desktop,1,1
52,2,Email,6.86,51.68,0,14,Mobile,1,1
52,3,Social Media,6.78,115.96,1,16,Desktop,1,1
20,2,Ads,10.67,88.39,0,15,Desktop,1,0
53,1,Ads,7.94,101.81,0,11,Tablet,0,0
31,1,Organic,10.85,222.64,1,16,Mobile,0,1
47,4,Ads,5.58,77.07,1,9,Desktop,1,1
34,2,Ads,6.45,134.46,1,14,Mobile,1,1
43,1,Social Media,7.77,158.07,1,19,Mobile,0,1
45,3,Organic,7.38,15.0,1,8,Desktop,1,0
42,0,Ads,8.32,91.83,1,19,Mobile,0,1
46,4,Organic,10.89,261.82,1,17,Desktop,0,0
50,4,Ads,7.52,160.28,0,9,Tablet,1,1
56,1,Organic,7.12,126.79,1,14,Tablet,0,0
36,5,Social Media,8.43,83.11,1,2,Mobile,1,1
53,1,Ads,12.56,90.54,0,19,Tablet,1,1
46,3,Ads,10.12,133.99,1,3,Desktop,1,0
19,7,Social Media,10.39,108.25,1,6,Tablet,1,1
35,1,Email,11.35,127.89,1,12,Mobile,1,1
45,2,Ads,7.18,115.51,0,7,Tablet,1,0
24,2,Organic,11.93,203.74,0,11,Mobile,1,1
22,4,Social Media,4.66,125.86,0,14,Mobile,0,0
59,2,Email,4.71,117.84,1,5,Tablet,1,0
40,3,Organic,4.77,139.79,0,16,Desktop,1,1
58,5,Social Media,5.64,82.75,0,14,Mobile,1,0
28,3,Ads,14.22,64.84,1,19,Mobile,1,1
35,3,Email,6.6,113.64,1,4,Mobile,1,0
44,4,Ads,6.91,136.81,1,9,Desktop,1,1
34,2,Ads,7.84,218.49,0,4,Desktop,0,0
41,6,Ads,14.33,49.89,1,7,Desktop,1,0
26,1,Social Media,3.85,177.79,0,6,Desktop,0,0
64,2,Ads,13.87,105.52,1,10,Desktop,0,0
33,6,Organic,11.63,33.63,0,13,Tablet,1,1
26,3,Ads,5.54,118.56,1,6,Mobile,1,1
31,4,Social Media,6.61,106.83,1,10,Desktop,0,0
19,1,Email,5.01,74.19,0,8,Tablet,0,0
44,0,Email,11.45,136.79,1,13,Mobile,1,0
42,3,Social Media,13.4,194.34,0,18,Mobile,0,1
41,2,Organic,8.68,145.65,1,14,Tablet,1,1
28,2,Ads,9.68,83.06,1,6,Desktop,1,1
25,0,Organic,10.48,67.97,0,11,Desktop,1,0
26,6,Social Media,7.8,238.9,0,10,Mobile,0,0
60,6,Social Media,9.85,192.23,0,5,Mobile,1,0
58,2,Organic,7.14,139.65,1,4,Tablet,1,0
26,5,Email,10.02,110.14,0,3,Desktop,1,1
38,3,Organic,8.34,101.35,1,10,Desktop,1,0
27,0,Social Media,3.42,51.97,0,4,Mobile,1,0
20,3,Organic,9.61,117.5,1,6,Tablet,1,1
33,3,Social Media,7.29,131.53,0,1,Tablet,1,0
29,0,Social Media,10.97,38.91,1,15,Desktop,1,1
25,4,Social Media,7.69,21.41,1,12,Tablet,0,1
26,4,Ads,5.99,157.78,1,7,Desktop,0,1
27,3,Ads,11.37,151.05,1,6,Tablet,0,0
64,1,Email,9.35,131.91,1,9,Tablet,1,0
55,3,Social Media,7.43,98.55,1,18,Desktop,1,0
48,0,Email,7.4,46.07,0,11,Tablet,1,0
28,4,Email,3.21,147.73,1,19,Desktop,0,0
35,8,Social Media,7.75,45.4,1,15,Tablet,0,0
34,3,Ads,9.86,107.55,0,11,Tablet,0,1
57,3,Email,7.94,90.81,1,10,Tablet,1,0
44,5,Email,2.89,94.65,1,13,Tablet,0,1
44,5,Organic,9.46,159.45,0,1,Mobile,0,1
62,3,Organic,2.53,74.3,1,13,Desktop,1,1
24,6,Ads,5.42,58.2,1,14,Mobile,0,0
21,3,Ads,10.7,164.68,0,4,Desktop,0,1
40,0,Ads,9.11,109.23,0,9,Desktop,0,0
23,2,Email,4.74,54.85,0,19,Desktop,0,0
29,4,Email,4.81,48.1,1,19,Tablet,0,0
64,6,Ads,13.41,142.99,0,9,Desktop,0,1
39,2,Ads,10.91,168.2,0,1,Tablet,1,0
34,9,Organic,6.39,152.4,0,6,Tablet,1,0
34,6,Organic,10.09,170.95,0,19,Mobile,1,0
31,4,Ads,8.58,199.18,1,19,Desktop,1,1
33,4,Email,6.56,68.23,0,19,Tablet,1,0
31,4,Email,6.89,128.6,1,11,Mobile,0,0
23,3,Email,5.89,175.92,1,19,Mobile,1,0
47,5,Organic,12.56,90.31,0,18,Tablet,1,1
25,1,Ads,7.31,64.55,1,9,Tablet,0,0
24,2,Organic,5.23,59.76,1,11,Desktop,1,0
64,2,Email,13.02,200.43,1,2,Mobile,1,1
44,4,Ads,11.05,136.29,1,10,Tablet,1,0
38,4,Ads,8.13,104.65,0,4,Mobile,1,0
26,4,Email,7.93,109.54,0,15,Mobile,0,0
26,4,Email,5.13,159.0,1,15,Desktop,1,0
50,2,Organic,7.8,77.05,1,1,Tablet,1,0
27,3,Email,6.58,199.56,1,14,Mobile,0,1
34,4,Email,8.91,163.29,1,2,Desktop,1,0
55,4,Email,6.35,171.58,1,13,Desktop,1,1
60,2,Ads,6.52,206.62,1,1,Tablet,1,0
46,1,Email,10.37,140.4,1,19,Tablet,0,0
21,4,Social Media,6.52,154.16,1,5,Tablet,1,0
59,2,Social Media,6.58,181.99,1,5,Desktop,1,1
40,2,Organic,6.9,9.83,1,14,Tablet,1,1
62,1,Social Media,10.93,175.11,1,1,Tablet,1,0
49,3,Organic,8.32,28.37,1,14,Mobile,0,0
36,5,Email,9.14,167.46,1,10,Tablet,0,1
30,3,Social Media,5.22,135.32,0,17,Desktop,0,0
20,2,Organic,7.86,74.1,1,11,Desktop,1,0
42,5,Email,6.84,79.59,1,19,Desktop,1,1
32,1,Organic,11.71,92.56,1,16,Desktop,0,0
23,3,Organic,6.18,132.68,0,13,Desktop,1,0
46,2,Organic,4.24,31.75,0,4,Desktop,1,1
48,1,Email,9.95,51.74,1,2,Mobile,1,1
42,4,Email,11.38,166.4,0,19,Desktop,1,1
24,3,Organic,9.92,32.03,1,4,Desktop,1,1
59,3,Social Media,4.23,141.19,1,2,Tablet,1,1
61,3,Ads,2.55,5.0,1,17,Desktop,0,1
64,4,Ads,2.71,102.37,1,7,Desktop,0,1
32,6,Social Media,7.43,30.77,0,3,Desktop,1,1
63,7,Email,6.59,158.68,1,6,Desktop,0,1
60,3,Email,15.35,49.42,0,13,Tablet,0,0
38,4,Ads,12.0,157.78,0,15,Tablet,1,0
20,7,Social Media,3.94,86.81,1,11,Mobile,1,0
22,5,Ads,8.02,162.92,1,18,Mobile,1,1
40,2,Organic,8.53,123.24,0,19,Desktop,1,1
18,3,Ads,6.99,140.54,0,16,Mobile,0,0
32,6,Organic,3.04,152.33,1,11,Tablet,1,0
39,1,Email,8.49,113.61,1,16,Desktop,1,1
33,4,Email,8.87,124.49,1,14,Tablet,1,0
29,4,Organic,7.47,27.08,0,10,Mobile,0,0
37,6,Social Media,4.96,74.33,0,7,Desktop,1,0
30,1,Ads,6.86,139.92,0,2,Mobile,1,1
63,3,Email,9.05,59.76,0,17,Tablet,1,1
59,1,Email,4.44,5.0,1,16,Desktop,1,1
34,6,Organic,7.85,35.69,1,12,Desktop,1,1
24,2,Ads,5.86,221.41,1,8,Tablet,0,1
54,7,Social Media,5.99,95.94,1,3,Tablet,0,0
51,6,Ads,11.71,67.38,1,5,Desktop,0,1
58,3,Email,10.01,201.95,1,17,Tablet,1,1
53,2,Email,10.49,118.36,0,14,Desktop,1,1
64,4,Organic,1.0,90.02,1,7,Tablet,1,0
63,2,Social Media,6.2,53.4,1,15,Tablet,1,1
48,2,Email,5.67,161.6,0,12,Mobile,1,0
25,1,Ads,11.66,90.77,0,11,Desktop,1,1
50,4,Organic,8.29,197.75,1,3,Desktop,1,0
38,6,Organic,8.99,152.0,0,11,Desktop,1,1
49,4,Ads,6.71,70.77,1,10,Tablet,1,1
29,3,Email,4.71,137.9,1,2,Mobile,0,0
59,3,Organic,6.05,99.2,1,17,Mobile,0,0
61,5,Email,4.69,175.44,0,3,Desktop,1,1
39,2,Organic,8.96,127.76,0,15,Mobile,1,0
22,1,Social Media,5.26,131.31,1,8,Tablet,1,1
27,1,Social Media,9.4,150.38,0,13,Tablet,0,0
62,5,Email,6.91,148.64,1,13,Desktop,1,0
45,4,Email,6.76,233.26,0,15,Desktop,1,0
59,4,Email,11.46,88.88,0,13,Desktop,0,1
31,3,Organic,12.48,146.18,1,3,Desktop,0,1
40,1,Email,1.0,80.51,0,18,Desktop,1,1
31,2,Email,12.65,124.18,0,3,Desktop,0,0
53,2,Ads,6.09,8.54,1,18,Tablet,0,0
30,3,Social Media,9.4,14.73,0,16,Desktop,0,0
45,2,Ads,5.37,53.11,1,7,Desktop,1,1
59,2,Social Media,7.34,114.66,1,7,Mobile,1,1
62,1,Email,8.76,97.67,1,10,Tablet,1,1
49,3,Social Media,11.75,133.57,1,4,Mobile,1,0
36,6,Social Media,12.95,184.24,1,17,Desktop,1,0
27,2,Social Media,1.26,195.68,0,13,Desktop,1,1
27,2,Organic,11.15,219.32,0,3,Tablet,0,1
39,2,Email,6.22,113.63,0,17,Mobile,0,1
43,4,Ads,10.87,5.0,0,15,Mobile,0,1
64,2,Organic,4.51,101.47,0,17,Mobile,0,1
22,1,Social Media,8.43,89.76,0,16,Tablet,1,1
54,4,Social Media,5.99,62.55,1,6,Desktop,1,0
49,1,Organic,7.71,95.04,1,13,Tablet,0,1
53,4,Email,10.28,51.25,1,9,Desktop,1,0
22,2,Ads,4.41,173.62,0,10,Desktop,1,1
21,6,Social Media,4.06,226.0,1,17,Desktop,1,1
56,5,Ads,5.14,79.38,1,2,Desktop,1,1
36,4,Ads,10.7,221.31,1,16,Mobile,0,0
37,2,Ads,4.85,165.45,1,9,Tablet,1,0
33,1,Ads,6.03,140.54,1,2,Desktop,1,0
43,0,Organic,7.44,100.7,0,2,Mobile,1,1
41,5,Email,10.15,5.0,1,14,Mobile,1,1
39,2,Organic,13.7,134.69,1,1,Tablet,1,1
55,1,Social Media,5.36,77.27,1,8,Mobile,0,0
31,4,Email,5.72,137.23,1,8,Desktop,0,0
60,0,Ads,5.25,201.33,0,8,Mobile,1,1
22,1,Email,1.54,172.59,1,8,Mobile,0,0
40,3,Social Media,7.73,178.64,0,15,Mobile,1,1
37,2,Email,5.25,139.6,1,12,Desktop,1,0
56,4,Social Media,14.26,59.11,1,19,Mobile,0,1
43,2,Ads,5.44,125.12,0,7,Tablet,1,0
31,0,Email,9.14,109.22,1,19,Tablet,1,0
55,4,Ads,11.03,164.94,0,19,Tablet,1,0
41,8,Ads,10.45,5.0,1,18,Mobile,1,1
43,2,Email,5.07,119.9,0,13,Mobile,0,1
55,4,Email,9.2,127.86,0,10,Tablet,0,1
55,2,Organic,7.39,124.62,1,4,Tablet,1,1
26,1,Social Media,5.43,58.32,1,11,Tablet,1,1
35,4,Organic,9.47,261.7,0,16,Tablet,1,1
47,4,Ads,9.79,58.96,0,13,Tablet,1,1
41,5,Ads,5.98,95.82,1,7,Desktop,1,0
20,4,Organic,7.21,38.22,0,4,Desktop,1,1
39,3,Social Media,7.67,127.28,1,19,Desktop,1,1
62,6,Organic,9.29,81.88,0,3,Mobile,0,0
30,3,Ads,7.31,119.28,0,8,Mobile,1,1
26,2,Email,8.53,39.8,1,1,Tablet,1,1
25,1,Organic,7.73,115.15,0,16,Desktop,1,0
40,4,Social Media,5.63,126.12,0,19,Desktop,1,1
26,1,Social Media,4.97,89.09,0,3,Tablet,1,1
41,2,Ads,9.86,182.41,1,18,Desktop,1,1
30,4,Organic,8.14,123.07,0,9,Tablet,1,1
39,2,Email,6.34,215.95,1,19,Desktop,1,0
54,2,Ads,1.37,186.24,1,16,Mobile,1,1
62,1,Organic,6.25,49.57,1,11,Desktop,1,1
30,3,Email,14.29,215.67,0,19,Tablet,1,0
24,4,Social Media,9.97,169.68,1,13,Mobile,1,0
45,3,Email,2.48,118.06,1,13,Mobile,1,0
20,2,Organic,10.56,247.23,1,13,Mobile,0,1
42,0,Social Media,8.69,184.46,1,2,Tablet,1,1
42,4,Organic,6.11,75.05,0,13,Tablet,1,0
49,5,Organic,3.23,208.81,1,13,Tablet,1,1
33,7,Ads,5.5,160.47,0,3,Mobile,0,0
26,1,Social Media,6.82,38.23,0,9,Mobile,1,0
40,2,Organic,3.38,36.37,1,18,Tablet,1,0
62,4,Email,5.94,13.23,1,5,Mobile,0,0
36,7,Email,11.71,202.73,0,17,Tablet,0,1
57,2,Ads,16.76,65.23,1,7,Mobile,1,1
42,3,Ads,8.46,95.81,0,19,Desktop,1,0
28,3,Organic,11.61,166.53,1,16,Tablet,1,1
26,2,Ads,11.8,209.2,1,13,Mobile,0,1
44,1,Ads,9.51,91.14,1,1,Tablet,0,1
58,6,Social Media,13.56,103.14,1,17,Mobile,1,0
35,2,Email,8.22,131.24,1,8,Desktop,1,1
30,3,Organic,8.07,104.15,1,15,Desktop,1,0
51,2,Ads,7.34,60.82,0,2,Desktop,0,1
47,3,Ads,9.49,184.19,1,17,Desktop,0,0
21,4,Ads,7.31,157.19,0,8,Tablet,1,1
19,0,Organic,5.86,151.28,0,14,Mobile,1,1
50,3,Email,10.6,180.09,0,4,Desktop,1,0
51,1,Organic,7.68,92.77,1,13,Mobile,1,1
59,3,Organic,6.36,122.49,1,18,Mobile,1,1
39,5,Social Media,6.75,171.34,1,19,Desktop,0,1
44,0,Ads,4.81,72.61,0,15,Tablet,0,0
52,6,Email,11.81,61.45,1,6,Tablet,1,0
63,4,Social Media,7.72,42.55,1,16,Desktop,0,1
57,1,Organic,8.03,195.53,0,7,Mobile,0,0
32,6,Email,11.76,107.95,1,9,Desktop,1,0
23,2,Organic,10.7,183.61,1,5,Mobile,0,1
50,5,Email,5.65,246.06,1,7,Mobile,1,1
35,9,Organic,9.38,115.63,1,19,Tablet,1,1
58,4,Social Media,1.11,88.88,1,13,Desktop,1,1
39,1,Ads,9.35,162.46,0,6,Tablet,0,0
63,1,Organic,4.82,117.27,0,17,Tablet,0,1
47,4,Organic,3.83,129.47,0,5,Desktop,1,0
31,6,Organic,7.28,19.81,0,19,Tablet,0,0
43,4,Email,8.43,170.98,1,17,Desktop,1,1
43,7,Ads,7.63,85.86,1,8,Mobile,1,0
33,3,Email,6.8,271.46,0,3,Desktop,1,1
28,5,Ads,11.43,194.3,1,16,Mobile,0,0
26,2,Social Media,9.25,81.99,1,14,Tablet,1,1
19,5,Social Media,9.09,185.07,0,8,Desktop,1,1
23,2,Social Media,12.12,54.19,0,3,Tablet,0,1
54,1,Social Media,8.47,9.94,1,11,Tablet,1,1
52,3,Organic,8.21,66.24,1,17,Tablet,0,0
18,3,Ads,9.04,125.2,1,2,Desktop,0,1
23,3,Email,17.46,52.59,0,4,Mobile,0,1
25,6,Email,3.46,71.94,1,6,Mobile,0,0
61,1,Email,8.41,89.75,0,19,Desktop,0,1
23,3,Ads,6.54,158.0,0,14,Tablet,1,0
59,2,Organic,11.53,107.25,0,1,Desktop,1,1
35,2,Organic,5.66,104.41,1,11,Mobile,1,1
50,4,Organic,12.86,113.22,0,1,Tablet,0,0
25,2,Email,7.45,93.83,0,8,Tablet,1,1
29,5,Social Media,11.2,100.69,0,8,Tablet,1,1
32,4,Social Media,5.02,82.03,1,8,Desktop,1,0
32,3,Organic,6.66,126.79,0,16,Desktop,0,0
56,1,Ads,9.9,78.11,1,16,Desktop,1,0
61,3,Social Media,10.58,124.79,0,3,Desktop,0,1
30,3,Organic,13.8,55.54,0,9,Tablet,1,1
27,0,Email,5.71,56.1,0,19,Tablet,0,1
48,7,Organic,11.44,73.36,0,9,Mobile,0,0
45,1,Social Media,7.27,6.6,0,17,Tablet,1,0
52,2,Social Media,11.31,83.9,0,9,Mobile,1,0
41,3,Ads,8.45,5.0,1,17,Mobile,1,1
64,4,Email,10.38,184.78,1,18,Tablet,1,0
38,4,Social Media,2.41,126.74,1,13,Tablet,1,1
31,1,Organic,7.54,210.49,0,12,Tablet,0,0
19,3,Social Media,7.7,178.54,1,19,Desktop,1,0
56,2,Ads,6.95,43.45,1,11,Tablet,0,1
50,2,Organic,8.19,19.97,1,7,Desktop,1,1
33,5,Email,3.06,156.28,0,1,Tablet,1,0
38,3,Ads,13.47,105.73,0,13,Mobile,1,1
19,6,Social Media,13.79,140.97,1,5,Tablet,1,0
24,2,Social Media,15.53,117.57,0,19,Tablet,0,0
59,4,Ads,3.31,49.23,1,15,Tablet,0,0
52,3,Email,8.08,27.41,0,7,Tablet,1,0
63,2,Ads,6.92,151.45,1,2,Desktop,1,0
55,3,Organic,11.32,251.15,1,4,Desktop,1,1
45,3,Organic,7.6,88.58,0,12,Desktop,1,1
59,4,Email,11.48,178.39,1,7,Tablet,1,0
55,5,Social Media,9.18,109.71,1,19,Mobile,0,0
34,2,Ads,5.05,72.45,0,5,Desktop,1,0
30,5,Email,7.41,92.13,0,12,Mobile,1,0
63,4,Organic,2.84,65.03,1,15,Desktop,0,1
29,5,Ads,9.27,213.41,0,3,Tablet,0,1
24,3,Ads,7.86,93.33,0,6,Mobile,0,0
51,2,Email,6.19,139.07,1,2,Mobile,1,1
32,5,Ads,8.29,100.56,0,19,Tablet,0,1
59,3,Ads,6.94,277.89,1,13,Tablet,1,0
45,3,Email,6.18,95.74,0,6,Mobile,1,1
32,5,Email,3.88,5.0,1,11,Tablet,0,1
44,2,Social Media,10.26,141.53,1,3,Desktop,1,1
42,3,Social Media,8.42,80.13,1,9,Tablet,1,1
48,3,Social Media,7.8,133.81,1,14,Desktop,1,1
43,3,Email,7.03,126.53,1,15,Tablet,1,1
60,2,Email,6.6,29.22,1,11,Desktop,1,1
24,1,Organic,7.36,190.74,0,16,Tablet,1,1
27,2,Organic,11.45,137.79,0,16,Mobile,1,1
50,5,Organic,9.51,167.47,1,10,Tablet,0,0
44,4,Ads,1.57,130.54,0,6,Tablet,1,1
19,1,Organic,9.72,181.5,1,16,Desktop,0,0
18,0,Ads,9.97,161.42,0,12,Desktop,0,0
41,4,Organic,4.29,160.53,0,2,Desktop,1,1
21,4,Social Media,10.61,5.0,0,3,Mobile,0,1
50,3,Ads,7.85,149.35,1,13,Tablet,1,0
47,1,Email,7.47,65.23,1,19,Tablet,0,1
54,1,Social Media,12.04,44.33,1,4,Mobile,1,1
56,1,Ads,9.27,5.0,0,14,Desktop,1,0
63,3,Email,7.0,154.49,0,5,Desktop,1,1
46,3,Ads,8.4,113.12,1,1,Mobile,1,1
46,4,Social Media,12.35,34.43,0,12,Desktop,1,1
20,2,Organic,10.38,85.76,1,6,Desktop,0,0
50,4,Organic,6.48,69.04,0,12,Mobile,1,0
47,1,Organic,9.42,5.0,1,7,Tablet,1,1
26,0,Social Media,9.21,65.26,1,15,Desktop,1,1
63,1,Email,8.5,122.3,0,2,Desktop,1,0
23,2,Organic,10.89,141.75,0,17,Tablet,1,1
19,2,Ads,7.1,124.87,1,18,Desktop,1,0
47,5,Ads,6.31,144.92,0,8,Tablet,1,0
36,1,Organic,12.96,84.8,1,19,Desktop,0,1
24,2,Organic,11.29,145.52,1,15,Desktop,1,1
40,1,Social Media,8.21,234.1,1,17,Desktop,1,1
63,1,Organic,12.74,160.71,1,17,Mobile,1,0
23,6,Organic,4.04,109.73,0,9,Mobile,0,0
30,3,Organic,11.99,34.13,1,18,Desktop,1,0
22,4,Organic,5.37,108.51,1,5,Tablet,0,1
52,5,Organic,5.6,103.79,1,19,Desktop,1,0
55,5,Social Media,8.93,66.86,1,6,Desktop,1,1
38,3,Social Media,8.71,85.27,1,3,Tablet,1,1
63,4,Organic,8.38,49.34,1,14,Mobile,0,1
48,3,Email,8.37,86.75,0,13,Desktop,1,1
55,3,Ads,10.95,87.39,1,5,Tablet,1,1
42,2,Ads,3.29,154.24,0,3,Desktop,1,1
22,2,Social Media,14.0,241.66,0,12,Mobile,0,0
42,1,Social Media,9.75,97.79,0,18,Tablet,0,1
49,3,Organic,10.02,143.05,0,7,Mobile,1,0
33,2,Email,8.76,186.34,0,17,Desktop,1,1
31,5,Ads,8.24,80.47,1,17,Mobile,1,1
54,4,Social Media,6.24,149.77,1,17,Tablet,0,0
33,4,Ads,5.42,71.34,1,2,Mobile,0,1
55,4,Organic,6.93,144.89,1,14,Tablet,1,1
48,2,Social Media,6.6,100.21,0,18,Tablet,0,1
26,4,Social Media,8.15,209.39,0,12,Desktop,1,1
54,2,Organic,10.06,111.5,1,19,Mobile,1,1
25,4,Organic,9.59,128.93,1,12,Desktop,0,1
45,5,Email,9.65,139.48,0,8,Mobile,1,1
54,3,Email,4.85,95.85,1,14,Tablet,1,0
62,4,Organic,3.82,84.31,0,6,Tablet,0,0
35,1,Social Media,8.16,178.3,0,10,Tablet,0,0
35,6,Organic,8.45,15.52,1,5,Tablet,1,1
45,2,Email,7.4,84.45,1,6,Tablet,1,1
48,3,Ads,2.48,38.74,1,7,Tablet,0,0
26,4,Ads,7.78,68.55,0,16,Tablet,1,0
21,4,Ads,8.01,193.8,1,11,Mobile,1,1
47,7,Ads,8.42,190.63,1,1,Mobile,1,0
57,1,Email,5.44,124.37,0,3,Desktop,1,1
37,4,Email,8.14,109.58,0,8,Mobile,1,0
57,6,Organic,4.74,86.31,1,5,Mobile,0,1
30,2,Social Media,5.37,5.0,0,17,Desktop,1,0
53,3,Ads,7.48,38.4,0,3,Desktop,1,1
60,5,Email,7.14,209.46,1,9,Tablet,1,1
53,6,Ads,5.85,120.34,1,5,Tablet,1,1
31,1,Email,10.19,152.31,1,11,Mobile,0,0
60,0,Social Media,7.23,23.2,1,3,Tablet,1,0
39,1,Social Media,10.48,184.26,1,16,Mobile,1,1
25,4,Email,7.02,164.43,0,9,Desktop,1,0
29,1,Organic,10.1,99.46,1,7,Desktop,1,1
61,1,Social Media,6.69,22.45,0,18,Mobile,1,1
43,2,Ads,5.57,118.95,1,5,Tablet,1,1
46,2,Ads,10.87,259.48,1,8,Mobile,1,0
61,5,Ads,3.82,222.25,0,2,Mobile,1,1
47,3,Email,5.7,124.08,1,4,Tablet,1,0
28,5,Email,4.78,124.86,1,18,Desktop,1,1
64,3,Organic,13.02,84.63,1,10,Tablet,1,0
53,3,Email,9.65,121.73,1,7,Desktop,1,0
29,3,Ads,9.85,106.81,0,1,Mobile,1,1
48,4,Organic,10.23,203.19,1,16,Tablet,1,1
38,0,Email,6.73,183.48,1,2,Mobile,0,0
23,0,Email,7.63,107.32,1,11,Tablet,1,1
23,4,Social Media,8.41,295.09,0,11,Tablet,1,1
37,2,Social Media,9.32,14.98,0,4,Mobile,1,0
39,3,Ads,7.75,124.17,1,7,Mobile,0,0
53,3,Email,10.0,108.36,1,19,Tablet,1,1
27,3,Ads,9.67,84.52,1,3,Tablet,1,1
47,2,Social Media,8.91,132.16,1,11,Mobile,1,1
27,3,Ads,9.08,150.26,0,6,Mobile,1,1
58,2,Email,6.28,140.09,1,3,Desktop,1,1
53,1,Organic,11.76,72.27,1,4,Desktop,0,1
35,2,Organic,3.67,158.88,1,2,Tablet,1,1
48,2,Email,10.7,63.08,0,18,Mobile,1,0
35,2,Email,3.42,89.79,0,10,Desktop,1,1
18,4,Social Media,7.52,159.68,1,1,Desktop,1,1
28,1,Email,9.08,178.09,0,2,Tablet,1,1
28,3,Email,3.59,44.23,1,10,Desktop,1,0
64,2,Ads,5.38,201.39,1,10,Desktop,0,1
56,0,Organic,6.56,35.8,1,1,Desktop,1,1
53,2,Email,3.65,101.06,0,7,Mobile,1,0
64,3,Email,7.18,194.02,1,8,Mobile,0,1
47,1,Email,7.91,109.45,0,5,Mobile,1,1
35,3,Ads,9.73,191.83,1,10,Desktop,1,1
64,4,Organic,11.68,109.0,1,9,Tablet,0,0
23,2,Email,10.75,283.64,1,8,Desktop,1,0
45,1,Organic,11.75,145.27,0,5,Mobile,1,1
59,2,Ads,3.38,160.54,1,9,Tablet,1,1
50,4,Email,2.58,103.51,1,16,Desktop,0,0
51,1,Ads,7.43,30.15,1,17,Tablet,1,0
38,2,Social Media,8.47,94.86,1,2,Mobile,0,0
42,6,Social Media,8.09,77.29,0,1,Tablet,1,1
30,3,Organic,5.41,105.56,1,11,Mobile,1,1
27,4,Email,1.0,131.58,1,15,Mobile,1,1
23,4,Organic,2.32,138.69,0,2,Tablet,1,0
30,1,Email,3.41,189.02,1,9,Mobile,1,0
57,1,Organic,11.48,126.99,0,14,Mobile,0,0
33,5,Ads,4.99,117.43,0,18,Tablet,1,0
36,5,Organic,6.51,192.87,1,12,Tablet,1,0
52,5,Social Media,8.9,135.3,0,4,Tablet,1,1
21,4,Ads,4.89,107.79,1,13,Mobile,0,1
19,5,Social Media,12.55,142.9,0,13,Tablet,1,1
33,3,Ads,6.55,185.94,1,17,Tablet,1,1
50,8,Social Media,8.41,74.61,1,12,Tablet,1,1
42,1,Email,8.31,243.63,1,14,Mobile,1,1
22,2,Ads,5.64,72.93,0,14,Desktop,1,0
35,3,Ads,9.32,94.94,1,15,Desktop,1,0
29,2,Email,9.09,51.71,1,16,Desktop,0,0
34,6,Email,7.91,127.12,0,9,Desktop,0,1
58,5,Ads,9.8,27.13,1,9,Desktop,0,1
42,4,Organic,6.42,172.89,1,9,Desktop,1,0
50,3,Ads,13.98,63.3,1,15,Tablet,0,1
44,2,Social Media,9.93,84.77,0,1,Tablet,1,1
40,2,Ads,10.01,270.18,0,10,Mobile,0,0
45,1,Organic,4.69,49.87,1,15,Mobile,0,1
57,4,Ads,14.3,109.28,1,7,Desktop,1,0
20,2,Email,8.55,95.14,1,13,Desktop,0,1
41,1,Ads,4.12,114.95,1,18,Tablet,1,1
56,1,Email,10.01,190.73,1,2,Desktop,1,1
49,3,Social Media,7.04,152.57,1,11,Tablet,1,1
26,6,Social Media,7.61,187.69,0,13,Mobile,1,0
38,2,Organic,8.02,31.29,0,12,Mobile,0,0
21,3,Ads,15.49,122.76,1,18,Tablet,1,0
56,3,Social Media,10.71,65.59,1,7,Tablet,1,0
58,3,Social Media,9.9,113.16,1,16,Mobile,0,1
58,6,Organic,6.8,75.29,1,9,Desktop,1,1
35,1,Ads,5.66,177.55,1,3,Mobile,1,0
42,3,Ads,2.59,136.03,0,7,Tablet,1,0
21,5,Organic,6.7,223.33,0,6,Desktop,1,1
39,2,Ads,7.04,5.0,0,5,Tablet,0,0
24,0,Email,8.63,86.34,1,13,Desktop,1,1
55,1,Organic,8.22,182.1,1,17,Desktop,1,1
18,3,Ads,11.28,226.92,1,19,Tablet,1,1
19,4,Email,7.63,107.04,1,18,Mobile,1,0
63,3,Ads,5.19,135.78,0,9,Desktop,0,0
42,4,Ads,7.01,107.0,1,9,Mobile,0,0
63,5,Organic,11.87,122.13,0,17,Desktop,1,0
58,5,Social Media,8.67,88.14,0,1,Tablet,1,0
19,4,Social Media,8.88,160.35,1,11,Mobile,1,0
34,1,Ads,12.67,17.66,0,13,Mobile,1,1
40,4,Organic,11.91,66.66,0,16,Mobile,1,1
45,3,Email,4.64,184.15,1,12,Desktop,1,1
22,3,Organic,2.16,66.35,1,19,Desktop,1,1
20,1,Social Media,5.33,157.66,1,19,Tablet,1,1
61,3,Email,3.87,109.26,0,12,Desktop,1,1
36,2,Social Media,6.09,132.5,0,1,Tablet,1,1
38,3,Social Media,7.69,178.01,1,11,Desktop,1,1
20,2,Social Media,1.2,98.95,1,14,Tablet,1,1
55,5,Email,8.11,185.51,0,13,Tablet,1,0
58,3,Organic,7.47,5.0,1,1,Desktop,1,1
20,5,Social Media,9.43,40.73,1,17,Desktop,0,1
21,2,Organic,9.93,124.92,1,1,Desktop,1,1
38,5,Ads,10.4,161.94,0,9,Tablet,1,1
31,5,Organic,11.31,97.14,0,1,Tablet,1,1
56,3,Email,8.98,146.92,1,9,Tablet,0,0
42,5,Ads,14.63,84.34,1,1,Tablet,1,0
43,1,Email,3.66,195.52,0,12,Mobile,1,1
55,3,Social Media,4.9,183.55,1,4,Tablet,1,1
33,6,Social Media,4.07,86.88,1,1,Tablet,0,0
22,4,Ads,10.82,46.61,0,1,Desktop,1,1
56,2,Social Media,6.01,58.37,0,6,Desktop,1,0
46,5,Social Media,9.44,68.32,1,18,Tablet,1,0
35,6,Organic,7.67,102.51,1,10,Tablet,1,0
51,3,Ads,7.86,57.34,1,18,Mobile,0,0
30,3,Social Media,5.73,149.18,1,5,Desktop,0,0
23,4,Ads,9.02,210.02,1,11,Mobile,1,1
27,3,Ads,8.15,163.35,1,8,Tablet,1,1
35,4,Organic,6.98,152.07,1,15,Tablet,0,1
62,4,Ads,3.99,200.2,0,19,Desktop,1,1
36,0,Social Media,7.19,81.68,1,14,Tablet,1,0
54,2,Organic,6.5,129.43,1,1,Desktop,0,1
46,2,Social Media,7.01,229.74,1,4,Mobile,1,0
19,3,Organic,6.24,133.84,1,5,Mobile,0,1
49,2,Ads,7.54,56.4,1,6,Mobile,0,1
39,3,Email,8.43,72.8,1,7,Desktop,1,0
30,4,Organic,11.27,85.73,1,13,Mobile,1,1
53,1,Social Media,7.95,161.0,0,13,Mobile,0,1
36,4,Ads,5.05,154.11,0,5,Tablet,1,0
29,3,Organic,6.62,156.58,1,19,Mobile,0,0
48,5,Ads,4.06,13.65,1,3,Desktop,1,1
61,2,Organic,3.97,96.26,1,15,Tablet,1,1
34,2,Ads,6.09,143.88,1,13,Tablet,1,1
33,0,Organic,4.17,164.72,1,19,Desktop,1,1
30,4,Ads,2.36,206.38,0,12,Mobile,0,0
26,0,Social Media,14.88,232.05,1,4,Tablet,1,1
43,3,Email,6.49,153.64,0,15,Mobile,1,1
58,1,Social Media,7.54,231.86,1,6,Desktop,1,0
52,2,Ads,6.63,197.07,1,11,Mobile,1,1
32,0,Ads,5.73,141.63,0,6,Mobile,1,1
49,0,Social Media,4.57,52.05,1,18,Tablet,1,1
50,2,Email,5.05,111.63,0,6,Tablet,1,0
27,2,Organic,4.32,198.04,0,15,Mobile,1,1
55,3,Ads,5.68,96.82,1,12,Tablet,0,0
47,3,Organic,4.81,14.06,0,13,Desktop,1,0
46,4,Social Media,6.51,170.09,1,9,Mobile,1,1
28,1,Organic,5.39,79.21,1,18,Tablet,0,1
59,2,Social Media,6.05,111.52,1,2,Mobile,1,0
31,3,Social Media,7.54,212.74,1,10,Tablet,1,0
40,4,Social Media,6.45,157.14,1,6,Tablet,0,1
59,7,Email,10.05,116.0,1,19,Mobile,1,0
64,3,Social Media,9.02,81.63,1,13,Desktop,1,0
25,3,Email,7.96,99.44,0,17,Mobile,0,0
28,4,Email,12.17,227.24,0,17,Tablet,1,1
26,4,Ads,14.3,36.88,1,11,Mobile,1,1
27,2,Ads,6.45,112.41,1,7,Desktop,1,0
53,6,Organic,10.92,64.55,0,16,Tablet,1,1
40,2,Organic,6.9,150.26,1,2,Mobile,1,1
39,1,Email,8.13,152.0,0,10,Desktop,1,1
27,2,Social Media,9.47,106.26,0,19,Tablet,1,0
49,3,Email,12.06,92.01,1,2,Desktop,1,1
34,2,Email,6.11,229.76,0,4,Desktop,1,0
36,3,Email,6.68,84.27,1,10,Mobile,0,0
54,1,Organic,11.74,76.71,1,16,Desktop,0,0
52,2,Email,6.93,209.24,1,2,Desktop,1,1
24,1,Ads,1.79,179.6,1,16,Tablet,1,1
38,3,Organic,7.15,165.2,1,10,Desktop,1,1
23,0,Email,8.84,5.0,0,5,Desktop,0,0
52,2,Email,2.77,64.7,1,5,Desktop,1,0
52,3,Social Media,4.19,227.2,1,8,Tablet,0,0
25,2,Ads,4.33,205.48,1,7,Desktop,0,1
28,1,Ads,13.08,128.66,1,17,Tablet,1,0
62,1,Ads,10.53,156.3,1,12,Tablet,1,1
29,3,Ads,9.73,80.35,1,3,Desktop,1,1
58,0,Social Media,13.77,5.0,0,5,Mobile,0,0
55,10,Organic,9.67,5.0,1,19,Tablet,1,1
38,7,Organic,7.93,162.43,1,11,Desktop,0,0
33,4,Ads,14.43,91.81,1,11,Desktop,1,1
34,2,Email,6.04,122.69,0,16,Desktop,0,0
38,5,Social Media,13.84,105.22,1,18,Desktop,1,1
59,2,Email,4.16,50.5,1,12,Tablet,1,1
39,3,Organic,5.64,132.2,1,4,Mobile,0,0
53,7,Email,3.68,106.48,0,18,Tablet,1,1
18,7,Social Media,5.94,203.31,1,15,Mobile,1,1
57,2,Organic,7.17,99.66,1,8,Desktop,0,0
45,2,Organic,4.7,227.8,0,13,Tablet,1,1
61,3,Email,9.98,185.09,0,19,Tablet,1,1
32,6,Social Media,6.78,24.68,1,16,Tablet,1,0
61,2,Social Media,9.16,162.16,0,1,Mobile,1,0
46,0,Ads,8.43,114.92,1,13,Mobile,0,0
25,2,Organic,7.05,136.08,1,1,Desktop,1,1
38,1,Social Media,8.47,184.25,1,16,Mobile,1,0
23,0,Organic,10.32,130.75,0,19,Tablet,1,1
59,0,Social Media,7.19,53.72,1,3,Mobile,1,1
29,2,Organic,6.76,121.94,1,4,Tablet,1,1
42,1,Ads,12.3,137.09,1,15,Tablet,0,0
37,4,Email,2.89,178.9,1,15,Mobile,1,1
61,3,Social Media,2.08,172.02,0,9,Tablet,0,1
60,1,Ads,2.04,112.18,0,16,Tablet,1,0
19,3,Organic,4.17,179.28,0,18,Mobile,1,1
48,6,Email,7.99,119.3,1,13,Mobile,1,1
26,2,Ads,12.95,118.86,1,8,Tablet,1,1
32,1,Email,6.83,58.12,0,1,Tablet,1,1
31,3,Social Media,8.03,39.84,1,2,Desktop,1,0
43,3,Social Media,7.73,92.77,0,11,Tablet,1,1
44,4,Social Media,8.79,17.74,1,5,Mobile,1,1
29,4,Email,5.11,5.0,1,16,Mobile,1,1
36,1,Social Media,16.94,113.32,1,6,Desktop,0,1
35,4,Ads,7.48,93.85,0,17,Mobile,1,0
37,7,Social Media,9.62,264.61,0,1,Desktop,0,0
27,0,Organic,6.21,109.84,1,12,Mobile,1,1
27,7,Organic,8.3,256.08,1,16,Mobile,1,1
25,1,Email,9.33,104.02,1,2,Tablet,0,0
29,4,Ads,4.57,105.11,1,8,Desktop,1,0
24,2,Social Media,2.93,84.77,0,14,Desktop,1,0
29,2,Organic,4.27,146.99,0,14,Desktop,1,0
20,2,Ads,6.8,119.59,1,11,Tablet,1,1
30,5,Organic,13.54,139.07,0,5,Tablet,0,1
61,3,Organic,3.15,5.0,0,10,Desktop,1,0
49,4,Email,1.0,124.51,0,19,Tablet,1,0
56,5,Social Media,7.25,100.93,1,14,Tablet,1,1
61,2,Email,3.29,105.55,1,6,Tablet,0,0
55,3,Organic,5.52,44.9,1,6,Desktop,1,1
56,4,Organic,9.59,12.8,0,2,Desktop,0,1
36,3,Email,6.66,324.85,0,12,Desktop,1,1
54,1,Ads,8.33,262.3,1,8,Desktop,1,1
28,4,Email,7.17,79.7,0,13,Desktop,1,1
42,0,Organic,10.99,85.31,1,6,Mobile,0,0
21,1,Email,7.16,119.79,0,9,Mobile,0,1
38,7,Social Media,10.61,245.12,1,2,Desktop,0,0
23,1,Ads,14.73,5.0,1,17,Mobile,1,0
42,0,Social Media,11.41,143.97,0,17,Desktop,0,1
42,2,Social Media,6.17,89.57,1,18,Mobile,1,0
25,3,Email,10.3,95.17,1,13,Mobile,0,1
33,3,Ads,3.71,138.63,0,15,Desktop,1,1
42,4,Ads,13.76,151.97,1,1,Desktop,1,0
39,4,Organic,14.66,67.21,0,14,Mobile,1,1
34,5,Social Media,11.01,5.0,0,18,Tablet,1,1
32,3,Organic,16.13,116.18,0,14,Mobile,1,1
18,1,Email,8.31,102.13,0,19,Tablet,0,1
36,3,Organic,11.94,63.08,0,9,Desktop,0,1
33,4,Ads,2.49,16.97,1,9,Desktop,0,0
47,4,Ads,5.19,37.95,1,14,Desktop,0,1
41,4,Email,6.5,120.32,0,2,Desktop,0,0
60,6,Email,6.84,5.0,0,1,Tablet,1,1
30,2,Social Media,6.85,114.02,0,10,Mobile,1,1
42,6,Organic,7.4,105.48,0,17,Mobile,1,1
62,3,Organic,8.36,93.57,1,12,Mobile,1,1
61,2,Ads,8.95,154.02,1,17,Desktop,0,1
40,4,Ads,6.3,191.06,1,10,Mobile,0,1
38,3,Social Media,11.32,5.0,1,12,Desktop,1,1
21,1,Organic,8.48,159.74,1,5,Mobile,1,0
31,5,Organic,5.2,60.18,0,5,Mobile,0,1
34,2,Ads,8.88,202.66,0,1,Desktop,0,0
43,4,Email,10.16,229.19,1,7,Tablet,0,1
31,2,Social Media,11.06,159.17,1,5,Desktop,1,1
52,4,Social Media,9.69,192.82,1,4,Mobile,1,0
60,5,Social Media,13.06,100.19,0,6,Mobile,1,0
44,5,Email,7.93,171.77,1,14,Desktop,1,0
40,3,Organic,6.02,89.1,1,6,Desktop,0,1
20,2,Email,8.99,205.19,1,14,Mobile,0,1
24,4,Social Media,6.73,122.19,0,4,Desktop,1,1
27,7,Email,3.32,244.93,1,5,Tablet,1,1
29,1,Ads,11.63,118.96,1,5,Mobile,0,1
19,2,Social Media,5.53,42.74,1,10,Desktop,1,0
34,4,Organic,7.94,136.46,0,16,Mobile,1,0
31,5,Social Media,12.21,70.4,0,6,Mobile,1,1
21,4,Email,10.83,135.51,0,16,Tablet,1,1
57,2,Email,9.59,147.4,0,8,Mobile,1,0
56,3,Ads,17.83,152.4,1,10,Desktop,1,1
57,3,Social Media,13.8,168.36,1,13,Desktop,0,0
44,3,Social Media,8.5,132.14,1,18,Tablet,1,1
54,2,Organic,10.9,73.11,1,4,Tablet,1,0
59,2,Social Media,7.15,85.96,0,6,Desktop,0,1
37,2,Social Media,8.48,78.26,0,6,Desktop,1,0
24,3,Organic,5.96,125.44,0,7,Tablet,1,1
34,3,Ads,7.56,50.03,0,14,Mobile,0,1
30,0,Ads,4.46,50.9,1,8,Desktop,0,0
27,5,Email,7.71,223.82,1,9,Tablet,1,1
22,5,Social Media,6.32,101.28,0,10,Desktop,0,1
40,1,Email,8.41,5.0,1,15,Tablet,1,0
22,2,Ads,14.84,78.27,0,16,Mobile,1,1
63,1,Social Media,3.41,167.29,0,11,Tablet,1,0
34,3,Social Media,1.0,160.2,0,12,Mobile,1,1
43,2,Organic,11.05,95.8,1,19,Mobile,1,1
26,0,Organic,4.25,142.3,0,12,Tablet,0,0
22,1,Organic,9.83,117.6,0,3,Mobile,1,0
19,2,Ads,12.48,122.23,1,8,Tablet,1,0
47,4,Social Media,6.92,191.59,0,2,Tablet,0,1
39,2,Organic,2.87,60.41,0,13,Tablet,1,1
41,5,Organic,10.82,181.65,0,10,Tablet,0,0
26,3,Organic,11.19,92.38,0,7,Tablet,1,1
41,5,Organic,3.07,85.68,1,13,Desktop,1,1
36,2,Organic,4.75,98.19,1,15,Mobile,0,1
27,2,Organic,6.87,117.07,1,17,Desktop,1,0
40,5,Social Media,5.59,89.72,0,10,Mobile,1,1
64,5,Social Media,11.22,68.8,0,1,Mobile,1,1
36,4,Ads,8.13,51.11,1,18,Tablet,1,1
21,4,Email,5.38,29.34,1,17,Desktop,0,1
64,3,Organic,8.66,220.32,1,1,Mobile,0,1
28,6,Social Media,9.87,48.58,1,13,Desktop,1,0
53,1,Ads,6.83,138.65,1,16,Tablet,1,0
41,2,Organic,2.88,101.25,1,5,Desktop,1,1
40,4,Email,11.56,5.0,1,10,Mobile,1,1
30,7,Ads,9.63,130.38,0,9,Mobile,1,1
19,2,Social Media,5.54,173.87,1,17,Mobile,1,0
36,3,Social Media,5.29,107.65,1,9,Desktop,1,1
45,2,Ads,8.26,111.53,1,13,Tablet,1,1
18,2,Email,10.26,76.94,1,18,Mobile,1,1
27,2,Social Media,7.43,123.93,0,10,Mobile,1,1
42,3,Social Media,10.42,188.04,0,19,Desktop,1,1
61,2,Email,10.52,62.32,1,4,Mobile,0,1
58,6,Social Media,11.32,102.23,0,19,Mobile,0,0
26,2,Email,7.83,187.67,0,8,Desktop,1,0
54,5,Organic,3.98,100.81,1,8,Mobile,1,0
36,2,Organic,1.0,112.69,1,2,Mobile,1,1
55,2,Organic,10.16,139.17,1,16,Tablet,0,1
31,7,Ads,6.37,212.2,1,12,Mobile,1,1
55,5,Social Media,9.09,88.13,1,2,Desktop,0,1
32,4,Organic,5.33,124.18,1,15,Desktop,1,1
53,2,Organic,7.8,61.05,1,7,Mobile,1,1
29,1,Ads,4.21,178.08,0,4,Tablet,0,0
19,5,Email,11.46,63.72,1,9,Tablet,0,1
44,5,Organic,6.25,143.94,0,11,Desktop,1,1
58,2,Email,3.75,198.06,1,7,Tablet,1,1
52,2,Email,7.38,199.28,0,10,Tablet,1,1
34,5,Ads,5.0,89.05,1,19,Desktop,1,0
34,1,Social Media,10.35,180.61,1,14,Tablet,1,1
28,5,Organic,8.42,159.76,0,16,Desktop,1,1
44,2,Social Media,8.21,136.92,1,19,Mobile,1,0
47,3,Social Media,10.73,31.22,1,14,Desktop,0,0
45,6,Ads,4.81,87.54,1,19,Mobile,1,0
25,5,Ads,5.48,97.87,1,2,Mobile,1,0
50,1,Email,11.91,65.74,1,14,Mobile,0,1
37,2,Email,6.79,56.2,1,14,Mobile,1,1
34,2,Ads,7.22,267.99,1,15,Tablet,0,1
20,3,Ads,8.19,105.18,0,17,Tablet,0,1
49,1,Social Media,5.39,237.0,0,9,Desktop,1,0
61,0,Email,8.98,69.89,1,7,Tablet,0,0
22,6,Ads,7.14,145.86,0,8,Mobile,1,0
33,2,Social Media,9.39,146.3,1,17,Mobile,1,0
25,2,Organic,3.12,124.97,0,15,Mobile,1,0
57,3,Email,9.38,102.33,0,3,Desktop,1,1
48,2,Social Media,14.01,133.37,0,11,Mobile,1,1
44,1,Social Media,4.12,125.03,0,10,Mobile,1,1
25,2,Organic,8.68,123.67,0,8,Tablet,1,1
40,3,Email,4.92,60.77,0,13,Tablet,1,1
19,3,Email,1.78,129.24,1,3,Desktop,1,1
36,2,Social Media,3.88,70.79,1,11,Mobile,1,0
48,2,Social Media,9.56,106.96,1,2,Tablet,1,0
47,2,Ads,11.46,189.75,1,1,Desktop,1,0
61,3,Organic,4.53,5.0,1,5,Tablet,1,0
44,4,Email,9.99,108.27,1,13,Desktop,1,1
23,2,Email,7.3,120.63,0,12,Mobile,1,1
53,2,Organic,10.38,157.14,0,6,Mobile,0,1
58,5,Social Media,8.84,229.95,1,12,Tablet,0,1
30,3,Email,6.11,75.95,1,15,Mobile,1,0
30,2,Organic,5.93,167.34,1,6,Tablet,1,1
53,5,Ads,13.24,163.36,0,8,Tablet,1,0
22,2,Email,10.63,138.5,1,7,Mobile,1,1
31,4,Social Media,10.27,104.84,1,15,Mobile,0,1
52,4,Social Media,4.96,171.43,1,15,Mobile,0,0
38,2,Social Media,12.16,119.23,1,12,Desktop,0,1
58,3,Ads,8.26,142.59,0,17,Desktop,1,0
40,1,Organic,8.71,107.37,1,13,Tablet,0,0
41,2,Organic,9.26,59.56,1,7,Desktop,1,1
47,2,Organic,9.96,147.89,0,4,Tablet,0,0
42,6,Organic,3.48,191.33,0,7,Tablet,1,1
58,0,Organic,9.91,98.37,0,10,Desktop,1,0
46,2,Email,6.83,118.09,0,8,Mobile,0,0
64,1,Social Media,7.73,82.45,1,14,Desktop,1,0
43,1,Email,1.35,108.27,0,19,Tablet,0,0
22,0,Email,8.51,155.23,0,10,Mobile,0,1
33,2,Social Media,15.38,166.89,0,17,Mobile,0,0
58,3,Ads,13.53,126.68,0,17,Mobile,1,1
56,4,Social Media,8.42,157.09,1,4,Tablet,1,1
35,4,Email,11.35,134.02,0,16,Mobile,1,0
58,2,Ads,8.73,68.94,1,9,Mobile,1,0
38,2,Organic,1.97,40.56,1,7,Desktop,0,0
63,3,Ads,10.36,147.68,1,16,Mobile,0,0
55,1,Social Media,6.87,17.93,1,12,Desktop,0,1
50,2,Organic,7.23,240.52,0,6,Mobile,0,1
47,4,Ads,9.31,229.98,1,2,Desktop,0,1
59,4,Email,10.63,141.1,1,16,Tablet,1,1
36,1,Ads,8.75,5.0,1,4,Desktop,1,1
52,5,Organic,8.28,194.57,0,18,Mobile,1,1
32,2,Social Media,7.8,153.1,1,9,Mobile,1,0
46,3,Email,7.08,236.63,1,5,Tablet,1,1
27,5,Ads,14.16,17.64,1,10,Desktop,1,1
30,3,Organic,4.87,5.0,0,17,Desktop,0,0
24,5,Ads,5.18,96.75,1,16,Desktop,0,0
62,3,Email,8.47,131.7,1,14,Mobile,1,0
20,2,Social Media,13.31,194.91,1,17,Mobile,0,1
56,4,Email,5.34,82.51,0,18,Tablet,1,0
37,4,Social Media,9.38,53.71,0,5,Desktop,1,0
42,3,Email,1.0,108.88,1,1,Desktop,0,0
46,1,Email,6.86,143.18,1,10,Desktop,1,1
46,2,Ads,7.97,10.27,0,14,Mobile,0,0
57,2,Ads,5.49,139.13,1,2,Desktop,1,1
22,2,Organic,10.34,159.56,0,2,Desktop,1,1
28,3,Email,1.0,142.91,0,8,Desktop,0,0
18,2,Organic,10.97,201.69,1,16,Mobile,1,1
51,1,Social Media,9.11,8.21,1,11,Tablet,1,0
39,3,Ads,10.89,177.88,1,4,Tablet,0,1
26,2,Email,3.34,128.34,0,3,Tablet,1,1
33,8,Social Media,10.78,132.51,1,14,Tablet,1,1
31,5,Organic,9.23,192.88,1,17,Desktop,0,1
27,2,Social Media,8.49,218.06,0,18,Mobile,1,1
29,4,Email,13.24,5.0,1,3,Mobile,1,0
21,2,Ads,9.62,64.91,1,16,Mobile,1,0
27,1,Organic,8.45,5.0,1,4,Mobile,1,0
61,3,Social Media,12.0,102.69,0,18,Mobile,1,1
27,4,Ads,5.63,161.57,1,10,Desktop,1,0
53,4,Social Media,8.15,108.42,1,11,Tablet,1,1
19,1,Organic,5.84,162.42,0,11,Desktop,1,1
22,5,Ads,10.38,102.22,0,18,Desktop,1,1
27,2,Ads,6.96,163.59,1,4,Tablet,1,1
29,2,Social Media,9.15,167.91,1,8,Tablet,1,1
58,8,Organic,8.72,30.13,0,3,Tablet,1,1
60,6,Ads,7.52,160.55,1,18,Mobile,0,1
20,2,Organic,11.81,112.9,0,1,Mobile,0,0
61,1,Ads,10.33,37.03,1,12,Tablet,1,1
58,2,Ads,3.78,17.64,0,18,Mobile,1,1
22,5,Organic,10.89,169.26,0,6,Mobile,1,0
32,1,Email,8.35,5.0,1,4,Desktop,1,1
51,3,Organic,8.62,105.64,1,13,Mobile,1,1
62,5,Organic,7.7,103.65,1,19,Tablet,1,1
22,5,Organic,6.51,137.64,1,3,Mobile,0,1
33,4,Social Media,6.87,193.9,1,13,Desktop,1,1
64,2,Organic,8.89,169.03,1,12,Desktop,1,1
39,6,Ads,4.4,205.41,1,6,Mobile,1,0
31,0,Organic,6.91,241.51,0,7,Desktop,1,0
60,3,Ads,11.77,191.26,0,15,Desktop,1,0
27,2,Social Media,7.79,31.99,0,15,Desktop,1,0
29,6,Email,9.45,136.05,1,8,Tablet,1,0
47,5,Social Media,4.46,147.86,1,11,Desktop,1,0
35,3,Organic,5.88,163.18,0,16,Desktop,1,0
35,1,Organic,6.5,160.15,1,18,Desktop,1,1
34,1,Email,13.79,116.21,0,13,Tablet,1,0
40,3,Social Media,4.53,148.32,1,11,Tablet,1,1
23,2,Organic,4.12,101.61,1,11,Mobile,1,0
63,7,Email,10.48,104.56,0,19,Mobile,1,1
47,5,Ads,5.07,129.62,0,13,Desktop,1,0
45,3,Social Media,7.33,136.92,1,18,Tablet,0,1
39,4,Social Media,10.64,89.46,0,1,Tablet,1,0
53,2,Organic,9.31,74.97,0,8,Tablet,1,1
59,4,Social Media,11.74,158.45,1,5,Mobile,0,1
20,2,Organic,10.63,53.66,1,1,Desktop,0,1
25,5,Social Media,10.64,158.4,1,3,Tablet,1,1
54,1,Social Media,10.0,27.3,1,15,Mobile,1,1
25,5,Social Media,6.31,216.27,1,17,Tablet,1,1
55,1,Ads,6.77,80.39,0,3,Desktop,1,0
61,2,Social Media,3.99,55.48,1,2,Mobile,0,0
48,3,Organic,5.26,175.37,1,8,Tablet,0,0
35,1,Social Media,9.14,181.45,1,9,Tablet,1,0
43,1,Ads,7.45,67.66,0,7,Tablet,1,1
29,4,Ads,6.69,184.3,0,4,Mobile,1,0
37,5,Organic,10.08,102.63,0,19,Tablet,0,1
34,4,Ads,7.34,134.59,1,7,Tablet,1,1
31,1,Organic,9.78,103.02,1,7,Mobile,0,1
26,3,Ads,10.94,144.43,1,3,Desktop,0,1
30,4,Social Media,7.39,62.57,0,11,Mobile,1,1
51,4,Email,5.96,20.15,1,10,Tablet,1,1
50,2,Ads,11.14,122.33,0,14,Mobile,1,1
56,1,Social Media,7.42,155.96,0,14,Desktop,1,0
53,7,Social Media,4.38,72.24,1,16,Tablet,1,1
37,2,Ads,6.06,47.42,1,7,Tablet,1,1
43,1,Organic,7.79,73.08,0,16,Tablet,0,0
43,5,Email,11.29,131.81,1,8,Tablet,1,1
58,4,Ads,8.0,109.37,0,14,Tablet,0,0
36,2,Ads,9.98,133.93,1,14,Desktop,1,1
43,5,Organic,10.01,184.08,1,13,Tablet,1,1
22,3,Organic,9.89,50.93,0,8,Desktop,1,0
44,3,Organic,7.71,96.69,1,10,Tablet,0,1
52,3,Ads,4.79,182.06,1,4,Tablet,1,1
63,2,Ads,5.18,11.5,1,10,Tablet,0,0
23,3,Email,1.0,92.51,1,8,Desktop,1,1
41,0,Organic,9.58,5.0,1,18,Mobile,1,0
63,4,Social Media,7.5,44.55,1,12,Tablet,1,1
58,1,Social Media,11.28,54.8,1,3,Mobile,0,0
58,4,Organic,8.59,62.05,0,2,Mobile,1,0
47,3,Organic,5.32,191.85,1,5,Tablet,1,1
43,1,Email,3.42,268.27,1,10,Mobile,1,0
51,2,Social Media,5.66,82.34,0,14,Mobile,1,0
30,1,Ads,4.8,170.55,0,3,Mobile,0,0
44,2,Email,5.2,160.41,0,18,Desktop,1,1
35,6,Ads,12.62,94.34,1,9,Desktop,1,1
64,3,Ads,3.3,144.43,1,16,Mobile,1,1
44,0,Email,7.15,94.64,0,8,Desktop,1,0
43,2,Ads,6.42,136.59,1,16,Desktop,1,1
62,6,Email,5.85,177.45,0,14,Tablet,1,1
46,1,Ads,6.65,95.63,0,2,Tablet,0,0
48,5,Ads,6.28,172.3,0,7,Tablet,0,1
40,5,Social Media,12.19,146.7,0,8,Tablet,0,1
55,4,Organic,7.46,154.9,1,13,Tablet,1,1
30,3,Ads,11.32,145.63,1,13,Desktop,1,1
44,1,Organic,12.27,204.83,1,3,Tablet,1,1
61,7,Organic,6.23,139.86,0,4,Desktop,1,1
44,1,Social Media,7.99,55.95,0,13,Tablet,0,1
45,4,Email,9.52,113.5,1,15,Tablet,1,0
29,4,Email,3.38,144.09,1,6,Desktop,0,0
21,2,Organic,10.57,94.57,1,18,Mobile,1,1
41,2,Social Media,6.83,201.35,0,14,Tablet,1,0
44,5,Social Media,13.2,143.05,1,11,Tablet,0,1
51,2,Social Media,5.17,202.97,0,5,Mobile,1,0
21,5,Email,10.39,52.39,1,4,Tablet,1,1
19,4,Social Media,8.03,111.18,0,6,Desktop,1,0
21,0,Email,10.69,149.45,1,16,Desktop,0,1
56,1,Social Media,10.91,126.07,1,1,Tablet,1,1
58,6,Social Media,6.78,149.22,1,11,Desktop,1,1
55,5,Email,9.24,214.57,1,3,Tablet,0,1
41,4,Ads,8.56,189.11,0,2,Desktop,1,1
60,2,Social Media,8.63,117.3,1,15,Mobile,1,1
27,4,Social Media,8.14,101.87,0,3,Mobile,1,1
35,5,Ads,3.48,90.79,1,12,Desktop,1,1
57,0,Email,9.35,208.36,1,18,Mobile,0,1
45,4,Email,6.31,96.16,1,18,Desktop,1,1
28,4,Social Media,10.46,91.94,1,1,Desktop,1,1
49,2,Social Media,7.85,71.46,1,14,Desktop,1,1
28,5,Social Media,14.84,75.97,0,10,Desktop,0,1
55,3,Social Media,8.92,184.26,1,18,Desktop,1,0
20,1,Social Media,6.67,26.13,1,7,Tablet,0,1
25,1,Social Media,7.45,76.99,0,18,Mobile,1,1
61,3,Social Media,2.85,95.37,0,7,Desktop,1,0
58,2,Ads,6.94,267.65,0,4,Tablet,1,1
54,2,Organic,8.65,265.1,1,7,Desktop,0,0
39,4,Organic,11.05,49.69,0,1,Desktop,0,1
57,8,Email,7.92,188.17,0,15,Mobile,1,1
55,1,Ads,7.8,35.6,1,16,Tablet,1,0
34,3,Social Media,6.56,108.18,0,4,Mobile,1,1
34,1,Social Media,5.52,143.51,1,6,Tablet,0,1
57,3,Email,10.2,10.91,1,12,Mobile,1,1
32,3,Organic,7.66,97.04,1,8,Tablet,1,0
26,5,Organic,4.92,215.37,1,15,Desktop,1,1
45,4,Social Media,7.9,106.88,1,10,Mobile,0,1
32,2,Organic,9.69,111.1,1,15,Mobile,0,0
61,3,Email,10.32,209.18,1,14,Desktop,1,1
32,0,Organic,5.28,5.0,1,18,Desktop,1,1
19,0,Organic,6.24,131.56,0,19,Tablet,0,1
46,5,Ads,8.01,37.49,1,13,Tablet,1,0
36,3,Social Media,7.57,132.69,1,2,Mobile,1,0
36,5,Email,6.32,106.23,1,2,Tablet,1,0
62,7,Email,9.23,166.5,1,15,Desktop,1,1
32,2,Email,7.09,215.24,1,8,Mobile,1,1
42,2,Ads,12.67,153.69,0,14,Mobile,0,1
52,3,Ads,8.94,42.77,1,7,Desktop,1,1
64,2,Email,9.36,164.69,1,13,Desktop,1,1
55,4,Ads,8.47,178.59,0,16,Tablet,1,0
57,1,Ads,9.16,187.24,1,17,Mobile,1,0
45,6,Ads,6.28,174.62,0,1,Tablet,1,0
20,7,Email,11.44,73.53,1,18,Desktop,1,1
18,2,Ads,6.8,150.25,0,16,Mobile,0,1
19,1,Organic,9.78,154.16,0,2,Mobile,0,1
37,6,Organic,9.59,55.61,0,15,Mobile,1,0
59,3,Organic,7.04,203.45,1,18,Tablet,1,1
50,1,Social Media,4.67,222.76,0,18,Mobile,1,1
38,2,Ads,6.63,129.38,0,13,Tablet,1,0
57,2,Ads,7.59,73.3,1,6,Tablet,0,0
46,2,Social Media,6.33,214.87,1,15,Desktop,1,1
54,5,Ads,7.31,168.82,1,5,Mobile,1,0
31,3,Email,2.84,182.82,0,19,Tablet,0,0
26,3,Ads,12.29,182.64,1,13,Desktop,1,1
59,1,Email,7.73,260.92,0,6,Desktop,1,1
50,3,Organic,7.41,198.04,1,1,Desktop,1,1
44,1,Social Media,5.33,62.35,1,8,Mobile,0,0
56,6,Organic,7.92,85.61,1,5,Mobile,1,1
60,2,Ads,6.92,97.73,1,7,Desktop,1,1
59,5,Organic,9.93,60.86,1,12,Tablet,0,0
50,6,Organic,9.93,142.51,1,11,Mobile,1,1
60,2,Ads,6.21,126.63,0,12,Tablet,1,0
25,4,Organic,8.32,31.77,1,14,Tablet,0,1
39,5,Email,7.89,52.2,0,8,Tablet,0,0
52,4,Social Media,7.09,101.22,1,10,Tablet,1,1
46,2,Social Media,5.52,127.21,1,16,Desktop,0,1
20,1,Social Media,4.71,79.68,0,2,Mobile,1,1
19,3,Organic,8.18,92.76,1,17,Desktop,1,0
25,1,Ads,9.36,145.74,1,5,Tablet,1,1
31,3,Organic,4.3,231.27,1,19,Tablet,1,1
34,3,Organic,6.47,182.55,0,18,Desktop,0,1
40,1,Ads,8.9,66.36,0,1,Desktop,1,0
31,4,Organic,7.34,271.17,0,1,Desktop,0,0
20,2,Social Media,10.52,166.52,0,6,Mobile,0,0
57,2,Email,8.54,120.16,0,14,Tablet,1,1
27,2,Ads,9.94,129.96,0,18,Desktop,1,1
40,2,Social Media,12.62,5.0,0,14,Desktop,1,0
27,6,Social Media,16.15,26.82,1,15,Desktop,1,0
60,3,Organic,3.52,109.87,0,19,Tablet,0,1
25,2,Organic,11.73,177.89,1,1,Tablet,0,1
60,4,Organic,10.21,157.13,1,9,Tablet,0,0
27,2,Ads,8.42,65.51,1,6,Mobile,1,0
18,2,Email,7.0,153.94,0,9,Mobile,1,1
59,6,Email,8.0,191.8,0,19,Tablet,1,1
46,4,Organic,5.48,5.0,1,17,Tablet,1,1
48,1,Ads,5.38,35.72,1,12,Mobile,0,0
45,4,Social Media,9.58,173.25,1,8,Desktop,0,0
55,1,Email,4.94,110.94,0,17,Mobile,1,0
58,2,Email,9.49,55.41,0,3,Tablet,1,1
18,2,Social Media,12.19,170.6,0,4,Desktop,0,1
51,1,Ads,11.47,108.87,0,2,Mobile,0,0
61,3,Organic,7.97,136.9,1,16,Desktop,0,1
27,1,Ads,8.42,130.01,1,16,Tablet,0,1
20,5,Email,9.04,116.27,1,10,Mobile,1,1
37,1,Ads,6.24,74.93,0,1,Tablet,1,0
26,0,Email,9.28,239.27,1,1,Mobile,1,1
26,4,Ads,9.03,122.6,1,8,Mobile,1,1
43,3,Social Media,2.67,220.37,0,13,Tablet,0,1
43,2,Email,8.41,5.0,0,17,Mobile,0,1
53,4,Ads,4.63,88.62,1,15,Desktop,0,1
31,4,Social Media,4.85,92.54,0,13,Tablet,0,1
62,1,Ads,3.71,108.87,0,15,Tablet,1,1
18,4,Ads,5.33,123.35,1,16,Mobile,1,1
31,4,Email,8.26,76.15,0,7,Tablet,0,1
41,3,Organic,3.89,225.89,1,4,Tablet,1,0
60,2,Email,5.68,106.58,0,2,Tablet,1,1
40,5,Organic,7.79,63.14,1,6,Mobile,1,0
57,2,Organic,7.61,86.56,0,10,Tablet,1,1
28,5,Organic,9.62,123.77,0,9,Tablet,0,0
22,7,Social Media,13.09,239.4,1,15,Mobile,1,1
54,2,Social Media,8.03,5.0,0,19,Tablet,1,1
31,3,Email,2.22,96.77,1,2,Mobile,1,1
38,5,Ads,6.23,139.57,0,6,Desktop,1,0
47,0,Organic,9.46,131.84,0,4,Desktop,1,1
26,1,Organic,4.87,20.21,0,7,Tablet,1,0
34,2,Email,7.92,130.85,1,12,Tablet,1,0
48,2,Organic,11.67,176.96,1,3,Desktop,1,0
27,3,Organic,9.09,49.58,1,11,Mobile,1,1
30,3,Organic,12.29,104.42,1,8,Desktop,1,1
18,2,Ads,4.74,78.95,1,16,Tablet,1,1
42,4,Organic,10.33,124.48,1,4,Mobile,0,1
38,3,Organic,7.71,35.28,1,16,Desktop,1,0
28,3,Social Media,2.32,116.27,0,8,Tablet,0,0
57,0,Ads,7.31,149.92,0,9,Mobile,0,0
25,4,Ads,12.27,50.46,1,17,Desktop,0,1
37,3,Email,1.0,85.92,1,4,Tablet,1,1
55,0,Ads,11.68,226.65,1,2,Mobile,0,1
25,2,Ads,9.12,5.0,1,10,Tablet,1,0
30,3,Ads,7.44,91.24,0,1,Tablet,1,1
26,2,Ads,4.37,205.69,1,12,Mobile,1,1
56,6,Organic,8.49,101.25,1,5,Desktop,1,1
64,3,Social Media,12.01,85.65,0,15,Tablet,1,1
57,5,Social Media,9.51,143.63,1,3,Tablet,1,0
23,0,Organic,9.95,200.23,1,15,Mobile,1,0
49,0,Organic,7.87,19.08,1,18,Mobile,1,0
49,3,Organic,8.31,108.53,0,17,Desktop,0,0
21,2,Social Media,3.57,154.09,0,1,Desktop,0,0
53,3,Ads,5.17,131.58,0,14,Mobile,0,0
26,2,Social Media,13.28,92.86,0,12,Tablet,1,1
32,3,Ads,8.27,165.16,1,7,Desktop,1,1
36,1,Email,8.13,32.46,0,8,Mobile,1,0
21,2,Email,8.55,187.27,1,4,Desktop,0,1
29,5,Social Media,7.1,179.95,0,7,Mobile,1,1
33,1,Social Media,10.05,55.38,1,1,Tablet,1,0
54,4,Social Media,9.76,77.61,0,10,Tablet,0,0
39,4,Organic,12.62,76.0,1,19,Mobile,1,1
29,4,Organic,7.08,97.23,1,18,Mobile,1,1
58,1,Social Media,5.7,74.3,1,1,Mobile,1,0
28,2,Ads,10.9,235.65,0,6,Tablet,1,0
32,3,Social Media,6.97,159.58,1,18,Desktop,0,1
29,4,Email,11.0,134.23,1,8,Mobile,1,1
26,1,Ads,11.76,195.09,1,16,Tablet,1,1
22,2,Social Media,1.0,111.24,0,2,Desktop,1,0
31,3,Email,11.44,254.44,1,16,Mobile,1,1
24,3,Email,7.54,182.02,0,5,Tablet,1,0
24,5,Organic,13.75,109.42,0,7,Mobile,1,1
40,1,Ads,4.36,5.0,1,1,Desktop,0,1
63,4,Ads,12.21,83.55,0,1,Mobile,1,1
57,2,Ads,4.65,103.3,1,13,Tablet,1,0
25,3,Social Media,4.52,98.71,1,5,Mobile,1,0
31,3,Ads,6.79,100.55,1,11,Mobile,1,0
19,6,Email,11.35,110.62,0,11,Tablet,0,0
55,1,Organic,2.55,167.4,1,16,Desktop,1,1
50,1,Ads,5.39,118.75,1,5,Desktop,1,0
21,3,Organic,5.76,101.52,1,17,Desktop,1,1
59,3,Organic,9.58,155.33,1,17,Desktop,0,0
37,3,Ads,10.66,68.52,1,2,Tablet,1,0
32,4,Social Media,2.73,132.95,1,2,Mobile,1,0
33,2,Organic,6.93,185.27,1,16,Desktop,1,1
19,1,Ads,7.89,88.38,0,1,Tablet,1,1
63,6,Email,2.59,125.93,0,19,Mobile,1,1
57,2,Email,8.74,55.78,1,9,Desktop,1,0
52,6,Email,8.02,5.0,0,12,Desktop,0,0
57,4,Organic,1.54,133.47,1,3,Mobile,1,0
45,4,Social Media,3.2,96.75,1,16,Mobile,1,1
20,3,Organic,10.26,84.71,1,8,Mobile,1,1
36,3,Social Media,10.83,131.71,1,5,Mobile,1,0
38,2,Email,11.72,72.66,1,6,Desktop,0,0
54,1,Email,8.08,115.24,0,2,Desktop,1,1
57,4,Email,6.53,104.05,0,5,Desktop,1,0
24,9,Social Media,13.09,51.89,0,11,Mobile,1,1
57,3,Organic,11.41,188.25,0,3,Tablet,1,1
21,4,Social Media,6.95,133.79,0,16,Desktop,1,1
40,1,Email,6.1,98.4,0,3,Desktop,0,0
32,5,Email,7.47,126.18,0,18,Mobile,1,1
31,0,Email,8.36,133.04,1,9,Mobile,0,0
31,5,Social Media,11.04,259.38,1,10,Mobile,1,0
20,3,Ads,6.26,59.8,1,9,Desktop,0,0
59,0,Ads,1.6,24.28,1,9,Tablet,0,0
62,2,Ads,4.55,172.92,0,1,Tablet,1,0
22,3,Ads,7.43,131.02,1,19,Mobile,1,1
41,2,Organic,2.7,133.13,1,15,Mobile,1,0
64,2,Social Media,5.27,242.82,1,15,Tablet,1,1
61,3,Email,9.76,123.18,0,18,Mobile,1,0
63,7,Email,11.01,78.23,0,5,Tablet,0,1
36,3,Ads,2.68,140.54,0,10,Mobile,0,1
19,1,Social Media,10.84,5.0,0,4,Tablet,1,1
34,3,Social Media,5.06,69.93,1,13,Desktop,1,0
33,1,Social Media,8.99,153.06,1,5,Desktop,1,1
33,2,Ads,9.24,59.15,1,9,Desktop,1,0
26,3,Social Media,6.91,130.72,1,19,Mobile,1,0
54,2,Email,6.9,165.97,1,7,Desktop,0,0
60,5,Email,1.0,100.96,1,11,Desktop,0,0
31,2,Organic,8.7,52.81,1,14,Mobile,1,1
63,2,Social Media,4.62,124.55,1,11,Desktop,1,1
52,6,Email,13.57,209.61,0,15,Desktop,1,1
53,2,Organic,8.49,127.73,1,9,Mobile,1,0
30,3,Email,7.8,189.77,1,19,Desktop,0,0
23,2,Social Media,11.71,104.54,1,4,Mobile,1,0
60,3,Email,12.03,85.95,1,1,Mobile,0,0
64,7,Ads,6.64,132.0,1,7,Desktop,1,1
40,0,Ads,10.12,166.54,1,5,Desktop,1,1
44,2,Ads,7.77,5.0,1,11,Mobile,0,0
50,5,Ads,9.26,131.04,1,10,Tablet,0,0
63,4,Email,6.63,173.9,1,18,Tablet,0,0
18,5,Email,5.02,87.05,0,19,Mobile,1,1
27,2,Organic,5.27,99.94,1,11,Tablet,0,1
52,8,Email,8.82,118.75,1,5,Mobile,1,1
56,2,Organic,7.3,207.85,1,6,Mobile,1,1
24,2,Organic,11.01,65.81,1,16,Mobile,0,1
42,1,Social Media,8.59,122.59,0,12,Tablet,1,1
19,2,Email,8.34,92.6,1,16,Mobile,1,1
58,4,Email,9.03,125.3,0,9,Tablet,0,0
59,1,Organic,10.27,179.17,0,12,Desktop,0,1
19,1,Social Media,11.99,66.76,1,18,Desktop,1,1
30,3,Ads,8.03,50.12,1,15,Mobile,1,0
19,2,Email,9.09,180.95,1,14,Tablet,1,1
59,3,Ads,6.91,138.45,1,17,Desktop,1,0
40,1,Social Media,6.08,55.18,1,16,Tablet,0,0
44,4,Social Media,12.86,100.94,1,1,Tablet,1,0
25,2,Organic,6.96,142.26,0,2,Mobile,1,0
28,6,Ads,1.46,116.59,0,13,Mobile,1,1
38,2,Organic,12.64,115.92,0,2,Mobile,0,1
47,3,Email,6.09,21.59,0,5,Desktop,1,1
25,2,Email,9.77,146.25,0,18,Mobile,1,1
40,1,Ads,7.27,127.36,1,9,Mobile,1,0
35,5,Organic,11.51,126.45,0,8,Desktop,0,0
44,2,Ads,1.0,53.92,1,17,Desktop,0,0
46,5,Email,4.58,157.64,0,1,Mobile,1,1
52,2,Ads,6.13,18.14,1,6,Tablet,1,1
57,0,Organic,11.75,116.83,0,13,Tablet,0,1
30,4,Social Media,7.73,179.45,1,9,Mobile,0,1
58,5,Ads,6.11,25.77,1,14,Desktop,1,0
51,6,Organic,8.62,114.43,0,12,Tablet,1,1
33,0,Ads,1.0,272.58,1,9,Tablet,1,0
62,2,Ads,7.01,143.67,1,4,Desktop,1,0
33,1,Email,6.89,136.22,1,11,Mobile,0,1
41,3,Email,11.22,159.46,1,14,Mobile,0,1
20,3,Social Media,8.83,45.9,1,9,Mobile,1,1
18,2,Organic,11.7,155.64,1,10,Tablet,1,0
34,3,Email,7.21,76.04,0,5,Desktop,0,1
42,5,Organic,9.38,237.6,0,8,Mobile,1,0
55,5,Social Media,3.58,5.0,1,15,Mobile,1,1
26,3,Organic,8.29,213.34,1,5,Mobile,0,1
44,5,Email,7.75,185.8,1,14,Desktop,1,1
19,0,Social Media,11.44,116.11,1,19,Tablet,1,1
25,4,Social Media,7.76,166.93,0,11,Mobile,1,0
26,4,Organic,8.3,74.78,0,5,Desktop,0,0
41,3,Email,4.02,246.31,1,16,Tablet,1,0
21,1,Social Media,4.69,62.52,0,9,Desktop,1,0
19,4,Ads,8.38,133.63,1,3,Tablet,0,0
24,6,Email,9.54,164.98,1,9,Mobile,1,1
22,4,Organic,4.98,132.1,1,18,Desktop,0,1
24,2,Social Media,3.05,130.52,0,7,Tablet,1,1
37,1,Social Media,9.9,211.84,0,4,Tablet,0,1
43,2,Social Media,6.98,237.18,0,1,Tablet,1,0
29,2,Email,4.79,106.4,0,4,Desktop,0,1
51,2,Social Media,5.01,127.9,1,7,Mobile,1,1
51,3,Ads,14.15,126.49,1,5,Desktop,0,0
21,3,Email,4.89,108.78,1,14,Tablet,1,1
20,6,Organic,6.96,69.46,0,1,Mobile,0,0
56,2,Email,6.03,186.7,1,15,Tablet,1,1
29,4,Organic,11.97,86.9,1,5,Desktop,1,1
37,3,Email,8.22,86.27,1,5,Desktop,1,0
40,5,Social Media,10.11,100.05,1,1,Desktop,1,1
50,3,Ads,8.4,100.36,0,13,Desktop,0,1
60,6,Social Media,10.5,151.89,1,1,Desktop,1,0
46,2,Email,2.26,146.52,0,4,Tablet,1,0
26,5,Email,11.23,54.03,0,3,Mobile,1,1
56,5,Social Media,11.28,111.24,0,1,Tablet,0,0
22,1,Email,4.99,139.76,1,4,Tablet,1,0
61,0,Social Media,8.12,165.67,0,18,Tablet,0,0
42,2,Social Media,6.84,105.17,1,6,Desktop,1,1
35,3,Organic,7.27,274.82,0,5,Mobile,1,0
44,4,Organic,4.76,124.56,1,17,Tablet,0,1
51,4,Email,5.14,87.97,1,11,Tablet,1,1
48,4,Email,6.87,135.67,0,11,Desktop,0,1
51,1,Organic,4.84,163.61,0,18,Mobile,1,0
58,5,Social Media,3.55,156.89,0,8,Desktop,1,0
62,1,Ads,12.15,143.8,0,4,Mobile,1,1
24,2,Social Media,9.06,210.36,1,13,Mobile,0,1
58,1,Social Media,9.36,85.24,1,3,Desktop,1,0
47,5,Social Media,5.65,132.15,0,18,Mobile,1,0
53,3,Email,11.43,126.8,0,14,Mobile,1,1
48,2,Email,4.49,223.81,1,12,Tablet,0,0
39,0,Social Media,1.21,199.91,1,19,Tablet,1,1
52,3,Organic,8.05,130.83,1,15,Mobile,1,1
22,3,Email,8.06,88.72,0,1,Mobile,1,1
51,4,Organic,8.81,192.65,1,12,Mobile,0,0
60,1,Organic,11.92,77.2,0,6,Tablet,1,0
53,7,Social Media,9.97,139.73,1,9,Desktop,1,1
21,4,Ads,7.7,138.39,1,16,Tablet,1,0
18,3,Organic,2.33,74.79,0,1,Desktop,1,0
60,3,Email,3.97,16.22,1,17,Mobile,1,0
48,2,Ads,1.94,155.59,0,2,Tablet,1,0
40,3,Ads,7.32,16.21,0,8,Mobile,1,0
21,0,Email,10.37,151.23,0,8,Tablet,1,1
64,0,Ads,14.66,109.51,1,6,Tablet,1,0
40,3,Email,7.55,186.74,0,9,Tablet,0,0
57,2,Organic,10.91,146.6,1,3,Tablet,0,1
50,1,Ads,4.41,161.53,0,8,Mobile,1,1
34,5,Email,8.41,204.34,1,3,Desktop,0,1
27,4,Ads,1.53,148.89,0,10,Tablet,1,0
25,1,Organic,7.67,89.46,0,16,Desktop,1,1
47,4,Ads,6.75,162.31,1,3,Desktop,1,0
38,1,Email,7.77,124.82,1,13,Tablet,1,0
46,1,Social Media,16.28,103.7,0,7,Tablet,1,1
42,4,Organic,11.94,25.06,1,5,Tablet,0,1
55,4,Ads,12.73,58.22,1,8,Desktop,0,1
19,0,Organic,6.39,59.53,1,8,Desktop,1,1
26,4,Organic,10.77,30.13,1,17,Mobile,0,0
20,6,Ads,10.9,76.62,1,9,Mobile,0,1
45,1,Email,14.91,74.21,0,8,Tablet,1,1
52,3,Organic,3.73,107.34,0,16,Tablet,0,1
23,5,Social Media,9.6,110.71,1,2,Mobile,0,0
30,5,Email,10.42,158.9,0,6,Mobile,1,0
45,2,Ads,7.52,48.7,1,15,Tablet,1,1
30,2,Email,11.33,156.22,1,10,Desktop,1,1
59,2,Social Media,6.61,41.76,0,12,Mobile,1,1
64,2,Ads,5.66,158.64,0,10,Tablet,0,0
25,6,Social Media,10.64,99.09,0,3,Mobile,1,1
27,5,Social Media,10.96,24.1,1,6,Tablet,0,0
54,3,Social Media,4.81,145.48,1,16,Tablet,1,0
64,4,Organic,6.73,148.52,0,9,Mobile,1,1
46,3,Ads,6.73,224.63,1,16,Mobile,0,1
59,6,Email,10.39,129.98,0,16,Desktop,0,1
28,5,Organic,8.99,238.09,0,11,Desktop,1,1
35,4,Email,6.81,115.43,0,3,Tablet,0,1
39,2,Ads,5.92,197.41,1,10,Mobile,1,0
63,1,Organic,13.35,110.07,0,8,Tablet,1,0
31,4,Ads,5.68,192.78,1,14,Desktop,1,1
57,4,Organic,7.75,116.65,1,11,Desktop,1,1
63,3,Social Media,9.01,160.31,0,10,Tablet,1,0
39,5,Ads,9.43,135.13,0,3,Mobile,1,1
39,3,Organic,5.96,209.22,1,9,Tablet,0,0
43,3,Social Media,8.54,144.83,0,8,Mobile,1,1
54,4,Ads,10.27,16.57,1,13,Mobile,1,1
50,3,Organic,8.93,143.31,1,5,Mobile,1,1
41,2,Organic,5.24,183.42,1,8,Tablet,1,1
48,7,Ads,8.32,87.44,1,10,Mobile,0,1
30,2,Organic,7.43,137.01,0,5,Tablet,0,1
47,1,Ads,8.12,133.74,0,4,Desktop,0,1
56,0,Ads,7.64,183.77,0,12,Desktop,1,0
43,5,Organic,5.22,41.32,1,2,Desktop,1,1
46,4,Social Media,6.53,216.1,0,9,Desktop,0,1
35,2,Social Media,6.93,94.26,0,4,Desktop,1,0
53,2,Email,9.52,24.55,1,1,Mobile,1,0
53,3,Ads,7.83,8.82,0,17,Desktop,1,0
58,5,Social Media,7.0,84.44,0,6,Desktop,0,1
30,3,Email,5.38,92.9,1,8,Mobile,1,1
45,4,Email,12.55,100.68,0,2,Mobile,1,1
51,2,Email,10.26,109.52,0,5,Desktop,1,0
49,5,Social Media,4.95,77.45,1,14,Tablet,1,0
38,3,Organic,13.03,153.65,1,3,Mobile,1,1
21,1,Organic,5.85,117.33,1,1,Tablet,1,1
63,4,Ads,12.27,5.0,0,3,Desktop,1,1
55,1,Social Media,7.65,77.03,1,16,Desktop,1,0
24,2,Email,8.61,50.97,0,5,Tablet,1,1
36,4,Ads,12.03,159.08,1,19,Mobile,0,0
44,1,Social Media,5.29,100.02,0,10,Tablet,1,1
19,1,Social Media,9.51,22.66,1,2,Mobile,1,0
55,3,Organic,7.83,50.39,1,18,Mobile,1,0
48,4,Social Media,5.68,91.7,1,7,Mobile,1,0
57,3,Ads,9.26,151.65,1,19,Desktop,1,0
53,5,Organic,8.35,117.23,1,6,Desktop,1,0
21,3,Email,9.32,60.74,0,13,Desktop,0,0
48,2,Social Media,9.46,115.15,1,3,Tablet,1,1
55,5,Ads,5.62,148.15,0,5,Mobile,0,0
42,4,Email,7.73,195.73,1,8,Desktop,1,0
25,6,Email,8.47,110.97,1,12,Tablet,1,1
54,1,Organic,11.33,96.45,0,9,Mobile,0,1
49,3,Social Media,11.89,158.76,1,7,Mobile,0,0
64,2,Organic,4.74,196.13,1,6,Desktop,1,1
61,0,Email,5.12,135.71,1,9,Desktop,1,1
23,2,Email,9.15,111.97,0,3,Tablet,1,0
24,3,Social Media,9.54,70.01,1,5,Tablet,1,1
50,2,Organic,12.78,59.07,1,10,Tablet,1,0
21,3,Ads,6.58,222.6,1,17,Desktop,1,1
52,4,Ads,8.82,129.03,1,6,Desktop,1,0
22,3,Ads,9.77,153.45,1,2,Desktop,1,1
51,4,Email,5.8,164.28,1,4,Desktop,0,1
60,4,Ads,6.92,104.56,1,5,Desktop,1,1
36,1,Social Media,1.0,125.48,1,18,Tablet,0,1
43,5,Organic,11.97,164.11,1,9,Mobile,1,0
19,3,Email,10.72,170.06,1,18,Mobile,1,1
27,1,Email,8.06,154.96,1,10,Tablet,1,0
55,3,Organic,7.87,108.83,1,2,Desktop,1,0
50,4,Organic,6.62,96.25,1,5,Tablet,0,0
43,4,Email,8.29,104.42,0,6,Tablet,0,0
23,2,Email,9.33,117.7,0,14,Tablet,1,1
57,3,Email,10.83,119.47,0,13,Desktop,0,1
30,5,Ads,4.44,169.93,0,18,Mobile,0,1
63,3,Social Media,11.07,60.31,1,13,Mobile,1,1
59,3,Organic,8.0,73.07,1,13,Desktop,0,0
29,4,Social Media,5.71,149.13,1,10,Mobile,0,1
54,3,Email,7.9,74.14,0,19,Mobile,1,1
24,4,Organic,7.27,84.61,1,6,Tablet,1,1
28,1,Ads,12.25,77.03,0,12,Tablet,0,0
25,2,Ads,7.56,66.8,0,8,Tablet,0,1
35,3,Ads,8.3,173.78,1,1,Mobile,0,0
50,3,Organic,3.81,162.88,1,8,Tablet,1,0
41,6,Ads,10.11,200.31,0,10,Desktop,1,1
61,4,Ads,5.69,51.13,1,10,Desktop,0,0
58,2,Social Media,9.56,134.54,1,10,Desktop,1,1
39,2,Social Media,9.44,78.42,1,3,Desktop,1,1
55,2,Email,6.57,70.19,1,7,Tablet,0,0
39,1,Email,9.54,38.84,0,14,Desktop,0,0
23,7,Email,7.2,112.4,0,6,Mobile,1,1
33,2,Social Media,7.62,38.34,1,1,Tablet,1,1
52,2,Email,6.99,112.1,1,13,Desktop,0,0
57,3,Email,6.7,12.16,0,15,Tablet,0,1
53,6,Organic,14.99,92.64,1,12,Mobile,0,0
33,6,Organic,6.55,233.62,1,11,Tablet,1,1
63,5,Organic,11.06,210.84,1,17,Desktop,1,1
49,5,Social Media,7.42,74.36,1,11,Tablet,1,1
34,3,Ads,9.96,187.74,1,2,Desktop,1,0
31,3,Social Media,12.52,163.98,0,10,Tablet,1,1
46,6,Social Media,13.0,72.2,1,4,Tablet,1,1
48,4,Organic,12.46,64.34,1,13,Mobile,1,1
22,2,Social Media,7.0,202.9,1,13,Tablet,1,1
42,2,Social Media,6.33,151.03,1,11,Desktop,1,1
40,5,Email,8.35,41.3,1,16,Mobile,1,1
59,7,Ads,10.12,135.36,1,4,Tablet,1,0
34,1,Ads,15.88,109.87,0,9,Desktop,1,1
29,1,Email,5.28,94.67,0,7,Desktop,0,0
34,8,Ads,11.47,187.57,1,5,Tablet,1,1
36,1,Social Media,12.02,125.55,0,12,Desktop,0,0
25,1,Social Media,8.92,94.49,0,15,Tablet,0,1
55,3,Social Media,9.64,163.54,1,13,Tablet,1,1
34,2,Email,8.47,124.12,1,14,Mobile,1,0
34,3,Social Media,6.55,21.82,0,17,Desktop,1,1
56,1,Social Media,9.42,21.46,1,2,Tablet,1,1
32,2,Email,9.78,165.61,1,3,Desktop,0,0
40,2,Social Media,9.47,263.08,0,17,Desktop,1,1
64,4,Organic,3.13,158.67,1,17,Tablet,1,0
46,1,Ads,8.4,141.75,1,11,Mobile,0,1
22,5,Social Media,10.27,111.99,0,3,Desktop,0,0
55,2,Email,3.19,102.22,0,2,Mobile,1,1
21,3,Ads,11.48,145.61,1,15,Tablet,1,1
57,4,Organic,7.98,70.16,1,15,Mobile,1,1
19,4,Organic,10.78,82.17,1,13,Desktop,0,1
30,3,Email,6.63,95.54,0,16,Mobile,0,0
43,1,Organic,3.87,158.75,1,18,Mobile,0,0
49,4,Social Media,9.7,179.66,1,7,Desktop,0,1
27,6,Ads,6.13,103.38,1,4,Tablet,1,1
62,1,Ads,6.03,182.44,1,4,Desktop,1,0
57,4,Organic,8.87,277.04,1,15,Desktop,1,0
36,1,Ads,5.46,61.25,1,8,Mobile,0,0
58,3,Organic,8.08,133.69,0,12,Tablet,1,1
27,7,Organic,3.34,180.29,1,12,Tablet,0,0
37,2,Organic,8.44,153.22,1,4,Mobile,0,1
30,0,Organic,7.72,153.09,0,18,Tablet,1,1
26,2,Email,8.84,135.92,1,11,Tablet,0,1
47,8,Ads,5.71,108.85,0,3,Mobile,0,1
46,3,Ads,6.69,67.51,1,16,Mobile,1,0
47,4,Social Media,7.46,115.04,1,6,Tablet,1,1
23,2,Email,2.7,159.0,0,8,Tablet,1,0
44,4,Email,10.37,130.18,1,10,Mobile,0,1
52,3,Organic,2.69,77.78,1,6,Tablet,1,1
37,1,Email,7.45,144.73,0,18,Mobile,0,0
41,1,Ads,4.9,57.11,0,16,Desktop,0,0
19,3,Email,14.38,166.17,1,1,Tablet,1,1
21,2,Social Media,5.55,167.09,0,4,Desktop,1,0
45,1,Email,7.05,139.76,1,10,Tablet,1,1
32,5,Social Media,9.06,84.14,1,10,Tablet,0,1
63,3,Organic,9.82,151.82,1,6,Mobile,1,0
19,2,Organic,3.92,211.34,1,15,Desktop,1,1
28,3,Organic,9.12,41.74,1,1,Desktop,1,0
63,3,Organic,6.78,214.69,0,14,Tablet,1,0
57,3,Email,3.76,110.57,1,5,Tablet,1,1
34,1,Social Media,1.0,66.37,1,10,Desktop,0,0
39,1,Email,9.89,22.25,1,12,Desktop,1,1
18,5,Email,8.01,90.28,1,6,Mobile,1,1
28,3,Email,5.56,81.49,0,3,Tablet,1,0
29,4,Organic,4.71,149.22,1,16,Mobile,1,1
23,3,Social Media,3.58,141.12,1,10,Mobile,0,0
46,4,Email,4.56,173.99,1,16,Mobile,0,0
45,4,Ads,9.77,198.65,1,17,Mobile,0,1
31,0,Ads,4.44,119.04,1,17,Tablet,1,1
41,4,Ads,7.6,311.06,0,3,Tablet,1,1
61,3,Email,7.04,58.92,1,14,Mobile,1,0
49,3,Social Media,6.74,125.4,0,6,Mobile,1,1
36,4,Organic,6.92,105.14,0,4,Mobile,1,0
41,3,Organic,8.9,5.0,1,14,Mobile,1,0
26,1,Ads,4.01,231.92,0,19,Mobile,1,0
27,3,Ads,6.1,60.05,1,15,Mobile,1,1
39,2,Ads,12.45,5.0,1,8,Desktop,1,0
25,2,Social Media,1.0,244.22,1,11,Tablet,1,1
34,2,Ads,12.76,177.36,1,12,Mobile,1,0
51,2,Social Media,13.93,151.59,1,5,Mobile,1,0
42,5,Email,13.15,145.41,1,18,Desktop,1,1
34,6,Email,12.56,126.1,1,11,Tablet,0,1
34,1,Organic,4.52,32.8,1,6,Desktop,1,0
28,2,Ads,8.34,142.41,1,5,Tablet,1,1
41,7,Organic,12.38,107.56,0,10,Desktop,1,1
32,2,Organic,5.32,189.44,0,7,Tablet,1,0
39,5,Organic,7.76,103.61,1,4,Tablet,1,0
42,3,Ads,7.05,220.43,1,11,Desktop,1,0
57,2,Email,11.43,142.56,0,10,Tablet,1,1
30,6,Organic,10.71,139.42,1,6,Desktop,1,1
40,2,Email,9.04,38.07,0,14,Desktop,0,1
61,0,Organic,10.95,62.32,0,1,Desktop,0,1
31,1,Organic,7.2,137.63,1,17,Tablet,1,1
37,6,Email,7.05,144.6,1,3,Tablet,1,1
22,6,Social Media,8.87,199.28,1,6,Tablet,1,1
48,2,Ads,9.81,111.68,0,3,Desktop,1,0
18,1,Ads,7.67,194.38,1,4,Tablet,1,0
28,1,Organic,8.99,95.38,1,5,Desktop,1,1
45,3,Email,5.78,110.86,1,9,Desktop,1,1
25,5,Social Media,5.14,175.76,1,5,Tablet,1,1
34,3,Organic,10.35,171.62,1,4,Tablet,1,0
36,4,Email,7.58,64.57,1,17,Mobile,1,1
52,2,Social Media,2.44,225.54,0,12,Tablet,0,1
37,3,Email,6.85,97.45,1,2,Mobile,0,1
44,4,Organic,10.01,63.36,0,12,Mobile,1,1
31,2,Social Media,14.79,89.72,1,9,Mobile,1,0
53,1,Social Media,5.2,162.58,0,2,Tablet,1,0
44,1,Ads,7.61,167.54,0,15,Mobile,0,1
46,0,Social Media,7.76,133.83,1,8,Tablet,0,1
26,6,Email,8.02,124.69,1,14,Mobile,0,1
40,1,Ads,9.19,91.57,0,3,Mobile,1,1
24,5,Email,7.81,16.68,1,8,Tablet,1,1
60,3,Email,6.18,104.45,1,15,Desktop,1,0
51,7,Ads,7.23,81.17,0,1,Desktop,1,0
24,2,Email,10.83,54.27,1,11,Mobile,0,1
32,5,Organic,7.62,87.6,1,10,Mobile,1,0
51,4,Ads,4.12,207.53,1,6,Desktop,1,1
63,3,Organic,8.58,215.53,0,16,Desktop,1,1
38,2,Social Media,7.92,108.5,0,4,Desktop,1,0
58,2,Organic,8.41,93.52,0,7,Tablet,1,0
56,2,Organic,7.46,204.53,0,7,Desktop,0,1
55,1,Organic,6.17,104.02,0,16,Mobile,1,1
51,7,Ads,13.41,105.97,1,8,Tablet,1,1
58,5,Email,9.05,103.73,1,17,Tablet,0,1
42,6,Email,9.72,147.21,1,4,Mobile,1,1
60,8,Organic,10.67,146.64,0,12,Desktop,1,1
38,4,Organic,7.46,176.87,1,10,Tablet,0,0
52,5,Email,5.87,221.61,1,9,Tablet,0,1
50,4,Organic,10.25,119.87,0,3,Mobile,1,0
30,7,Organic,2.23,111.64,0,8,Desktop,1,0
32,5,Social Media,7.76,171.41,1,7,Mobile,1,1
58,1,Organic,7.83,137.63,1,7,Mobile,1,1
35,4,Email,5.69,100.22,1,13,Desktop,0,0
41,5,Ads,6.5,64.63,1,17,Tablet,0,0
61,3,Organic,11.34,203.62,1,13,Tablet,1,0
25,1,Social Media,13.39,81.82,1,6,Mobile,1,1
56,3,Email,6.16,99.67,0,3,Tablet,1,0
54,3,Ads,12.85,239.6,1,13,Desktop,0,1
53,2,Ads,4.63,88.2,1,12,Tablet,0,0
29,2,Ads,13.32,161.35,0,6,Desktop,0,0
55,2,Ads,7.39,70.87,0,13,Tablet,1,1
45,1,Ads,12.58,154.21,0,4,Tablet,0,0
21,1,Organic,10.52,19.23,0,7,Desktop,1,1
24,2,Ads,7.26,36.5,1,7,Desktop,1,1
40,5,Ads,7.96,125.75,0,5,Mobile,1,1
25,1,Organic,5.0,144.85,1,5,Desktop,1,0
60,2,Organic,7.84,67.63,1,3,Tablet,1,1
62,3,Ads,6.0,5.0,1,10,Tablet,0,1
44,5,Social Media,8.21,68.78,1,5,Tablet,1,0
24,2,Email,12.4,92.37,0,12,Desktop,1,1
52,3,Organic,10.49,22.09,0,4,Tablet,1,1
29,4,Ads,8.9,92.0,1,16,Desktop,1,1
44,1,Social Media,10.88,81.37,1,1,Desktop,0,1
62,5,Organic,7.29,5.0,1,17,Tablet,0,0
30,3,Email,8.35,80.88,1,15,Desktop,1,0
64,4,Email,5.18,122.39,1,4,Mobile,0,1
35,3,Ads,11.33,52.37,1,8,Desktop,1,1
33,2,Organic,3.98,182.24,0,16,Tablet,1,1
44,9,Social Media,12.95,171.65,0,19,Desktop,1,1
45,3,Organic,9.91,306.54,0,16,Tablet,1,1
35,3,Email,10.43,62.51,0,3,Desktop,1,0
45,2,Organic,6.54,130.96,1,3,Desktop,0,1
28,5,Ads,9.61,105.9,1,9,Mobile,1,0
35,4,Email,7.8,134.16,1,17,Desktop,1,1
62,4,Social Media,11.09,76.21,1,13,Tablet,0,1
40,2,Social Media,12.99,59.57,1,16,Tablet,1,0
53,5,Social Media,4.57,164.75,1,15,Desktop,1,1
37,3,Email,6.31,107.61,0,4,Mobile,1,1
61,2,Ads,14.13,133.51,0,1,Desktop,1,0
37,4,Organic,9.89,102.63,0,12,Tablet,1,0
24,1,Email,7.17,100.51,0,10,Tablet,1,1
20,4,Ads,8.8,148.75,1,9,Mobile,1,1
21,3,Ads,5.45,96.07,1,9,Mobile,1,1
30,3,Organic,9.56,159.25,0,8,Mobile,1,1
54,1,Email,11.61,87.03,1,12,Mobile,0,0
52,1,Social Media,10.64,13.91,1,17,Mobile,1,1
24,5,Organic,7.27,20.29,1,4,Desktop,1,0
19,6,Social Media,9.25,133.59,0,15,Tablet,1,0
62,5,Organic,7.49,82.1,1,4,Desktop,1,0
20,3,Social Media,11.03,175.21,0,19,Tablet,1,1
32,3,Ads,3.13,179.76,1,3,Desktop,1,1
51,3,Email,8.97,92.1,1,7,Tablet,1,0
47,5,Email,10.82,67.23,1,19,Mobile,1,1
62,3,Social Media,3.36,139.38,1,14,Mobile,1,1
50,0,Social Media,3.29,51.18,1,9,Tablet,0,1
51,3,Organic,6.95,121.54,0,7,Mobile,1,0
25,2,Email,7.62,108.95,1,7,Mobile,1,1
35,5,Social Media,8.22,5.0,0,17,Desktop,1,0
36,4,Organic,5.46,134.44,1,12,Desktop,0,0
58,1,Organic,6.77,28.23,0,17,Desktop,1,0
23,6,Organic,11.3,69.51,0,8,Desktop,1,0
56,2,Social Media,7.55,57.83,1,8,Desktop,1,1
33,2,Social Media,5.4,125.43,1,18,Desktop,1,1
19,2,Ads,8.8,106.61,1,11,Desktop,0,0
54,0,Social Media,16.16,94.8,1,11,Desktop,1,1
39,2,Email,8.02,150.5,1,4,Desktop,1,1
26,2,Social Media,2.1,132.19,1,12,Desktop,1,0
62,6,Ads,10.67,141.2,1,12,Desktop,1,0
48,2,Ads,1.49,65.09,1,5,Mobile,1,0
24,3,Social Media,9.36,81.25,0,4,Tablet,1,0
36,2,Organic,7.81,213.3,0,9,Desktop,0,1
35,4,Social Media,9.97,78.06,0,5,Mobile,1,1
39,3,Email,11.12,45.71,1,3,Mobile,1,1
63,4,Email,11.85,105.32,1,10,Tablet,0,0
18,6,Ads,7.96,129.96,0,9,Mobile,0,0
24,4,Social Media,8.02,109.42,0,18,Desktop,0,1
55,5,Ads,8.0,117.35,1,9,Mobile,0,1
40,2,Ads,6.58,276.44,1,1,Tablet,1,1
27,3,Email,6.9,43.18,0,13,Mobile,0,1
61,3,Organic,5.14,202.31,1,8,Mobile,1,1
55,0,Ads,8.64,134.43,0,5,Mobile,1,1
62,2,Organic,5.42,117.54,0,5,Mobile,1,1
40,7,Organic,7.65,127.39,1,4,Tablet,1,0
44,3,Ads,5.03,107.37,0,4,Desktop,1,1
59,1,Social Media,17.73,219.65,0,15,Mobile,1,1
23,2,Organic,5.73,200.08,0,10,Mobile,1,1
37,2,Organic,6.79,41.23,1,5,Desktop,0,1
35,1,Organic,12.88,147.84,0,7,Desktop,1,1
48,2,Ads,8.19,131.52,1,6,Tablet,1,0
33,3,Social Media,9.64,130.81,0,13,Mobile,1,1
49,5,Email,8.46,132.45,1,13,Desktop,0,1
42,2,Social Media,11.25,216.96,0,16,Desktop,1,1
29,3,Organic,7.33,115.83,1,4,Desktop,1,1
60,3,Email,5.56,85.8,1,4,Tablet,0,0
46,7,Social Media,4.03,209.92,1,11,Desktop,1,1
54,1,Organic,10.92,189.12,1,18,Tablet,1,1
32,5,Organic,10.83,149.06,0,15,Tablet,0,0
57,3,Ads,9.78,157.81,0,19,Desktop,1,1
50,4,Ads,9.18,5.0,0,8,Mobile,1,1
34,7,Ads,2.83,138.68,1,7,Mobile,1,0
30,2,Ads,10.59,96.91,0,5,Tablet,1,0
61,1,Ads,10.26,197.97,0,3,Tablet,0,1
33,2,Organic,11.0,96.72,1,4,Desktop,0,1
21,6,Email,11.29,97.13,1,12,Desktop,1,0
44,4,Organic,8.38,150.4,1,7,Desktop,0,0
55,3,Email,12.02,185.34,1,15,Tablet,1,1
42,1,Organic,10.28,193.96,1,11,Tablet,1,0
36,2,Email,8.34,167.68,0,11,Tablet,1,0
49,5,Social Media,4.8,93.51,1,13,Desktop,1,1
27,3,Email,10.45,33.62,0,7,Tablet,1,1
58,4,Social Media,8.92,115.37,0,10,Tablet,1,1
41,2,Email,8.7,78.16,0,9,Desktop,0,0
25,3,Social Media,12.04,120.97,0,1,Tablet,1,1
52,5,Organic,13.26,169.36,1,4,Desktop,1,0
40,5,Email,10.76,184.07,0,1,Mobile,0,1
63,1,Ads,5.51,191.35,1,11,Mobile,1,0
58,4,Ads,8.31,174.98,1,12,Mobile,1,1
34,3,Ads,12.05,147.06,1,2,Tablet,1,1
30,3,Social Media,8.22,183.59,1,4,Desktop,1,0
28,1,Ads,7.97,154.68,1,3,Mobile,1,0
31,5,Organic,4.9,136.88,0,7,Mobile,1,0
33,4,Email,9.97,83.99,1,2,Desktop,1,1
18,0,Ads,12.03,54.01,1,9,Mobile,0,0
24,5,Email,9.86,139.91,0,13,Desktop,1,0
19,1,Email,13.31,5.0,1,2,Desktop,0,0
28,1,Ads,5.69,63.96,1,13,Desktop,0,1
33,5,Email,13.44,63.62,0,12,Tablet,1,0
18,3,Organic,6.92,76.81,1,2,Tablet,1,1
53,3,Email,5.05,158.03,0,12,Mobile,1,0
44,4,Social Media,1.0,238.39,1,19,Tablet,1,0
29,2,Ads,3.99,230.86,1,11,Mobile,1,0
21,4,Organic,5.59,192.99,0,2,Tablet,1,1
42,1,Email,13.38,114.2,1,5,Desktop,0,1
37,3,Ads,7.48,103.67,1,14,Tablet,1,1
37,3,Email,8.43,175.55,1,9,Desktop,1,1
63,1,Organic,12.52,109.74,1,8,Desktop,1,1
48,4,Ads,9.48,21.82,1,8,Tablet,0,1
29,2,Social Media,12.19,108.01,0,3,Desktop,0,0
22,4,Ads,8.05,173.04,1,11,Mobile,1,0
51,2,Organic,8.23,178.48,1,19,Tablet,1,1
57,5,Organic,3.94,75.59,0,10,Mobile,1,1
29,4,Email,3.61,150.5,1,14,Desktop,1,0
53,3,Ads,9.07,233.03,0,1,Desktop,0,0
18,3,Organic,1.16,53.29,1,4,Mobile,0,0
22,3,Social Media,4.68,170.7,1,14,Tablet,1,0
24,4,Organic,8.3,72.73,0,11,Mobile,1,1
30,1,Organic,2.73,138.66,1,3,Tablet,1,0
59,1,Organic,10.15,189.34,1,17,Mobile,0,0
62,3,Organic,5.97,89.99,0,8,Mobile,0,0
27,5,Email,8.84,122.77,1,12,Mobile,1,1
38,3,Organic,5.47,5.0,0,2,Mobile,1,1
49,4,Email,13.1,168.87,1,3,Tablet,0,1
32,2,Social Media,14.0,166.53,1,7,Tablet,1,0
29,1,Social Media,11.7,145.67,1,3,Tablet,1,0
38,2,Organic,3.61,153.79,1,9,Tablet,0,1
53,3,Organic,10.42,51.37,0,18,Desktop,1,1
47,0,Email,10.9,115.99,1,6,Tablet,1,0
47,6,Social Media,8.12,45.43,0,7,Tablet,1,1
35,3,Email,3.7,240.1,1,6,Tablet,1,1
44,3,Organic,10.96,174.76,1,7,Mobile,1,1
59,2,Email,7.25,190.48,1,16,Tablet,1,0
33,0,Social Media,7.62,231.15,1,9,Tablet,0,0
32,4,Ads,11.38,134.59,0,14,Desktop,0,1
31,2,Social Media,10.11,132.99,0,1,Desktop,0,0
26,4,Organic,6.36,61.51,1,19,Tablet,0,0
30,4,Social Media,11.03,9.4,1,19,Desktop,1,1
21,4,Email,10.38,67.65,1,12,Desktop,1,1
63,4,Email,7.18,107.83,0,13,Mobile,0,0
61,2,Email,8.82,58.58,1,17,Mobile,1,1
28,3,Organic,8.64,97.62,0,5,Tablet,1,0
45,5,Organic,7.07,108.38,1,9,Tablet,1,1
51,4,Social Media,8.3,156.37,1,19,Tablet,1,0
34,1,Organic,6.43,10.94,0,2,Desktop,0,0
49,2,Social Media,12.07,205.49,1,1,Mobile,1,0
31,1,Ads,8.57,128.4,0,6,Desktop,1,0
46,3,Ads,4.86,99.48,0,9,Desktop,0,1
39,2,Ads,3.57,146.69,1,14,Mobile,0,0
19,2,Social Media,4.83,67.15,1,11,Desktop,1,0
21,8,Organic,6.75,132.31,0,18,Tablet,1,0
57,4,Social Media,13.77,101.5,1,8,Tablet,0,1
42,4,Social Media,3.62,127.49,0,10,Mobile,1,1
59,2,Organic,8.36,97.53,0,19,Tablet,1,0
35,7,Organic,5.95,98.5,1,15,Desktop,0,1
25,6,Organic,6.68,132.0,0,19,Mobile,0,1
27,11,Social Media,4.3,155.16,0,19,Mobile,1,0
25,3,Email,7.89,128.21,1,10,Mobile,1,1
62,3,Social Media,7.42,202.08,1,15,Tablet,1,1
27,2,Email,9.88,135.5,1,2,Tablet,1,0
59,2,Ads,8.4,86.97,1,5,Mobile,1,1
59,2,Social Media,7.16,5.0,0,3,Tablet,1,0
36,1,Email,11.02,91.95,0,18,Desktop,1,1
44,1,Organic,7.35,171.68,1,17,Mobile,0,1
29,4,Email,11.11,76.21,1,13,Mobile,1,1
27,5,Ads,6.66,193.12,1,4,Desktop,1,1
54,2,Ads,11.73,121.72,1,9,Mobile,1,1
19,3,Ads,10.22,75.05,1,13,Tablet,1,1
33,3,Email,2.66,106.88,1,18,Tablet,0,0
44,1,Email,8.44,129.37,1,11,Mobile,1,1
42,4,Ads,6.55,168.29,1,8,Desktop,1,1
64,2,Organic,6.51,176.34,0,3,Desktop,1,0
48,3,Ads,13.77,121.77,1,13,Tablet,0,0
26,2,Social Media,8.99,152.63,1,11,Desktop,0,0
20,0,Organic,9.42,123.1,1,6,Desktop,0,1
40,2,Email,3.78,151.37,0,9,Tablet,1,1
23,2,Organic,7.63,134.39,0,6,Desktop,1,0
18,1,Email,6.26,5.0,1,4,Desktop,0,0
23,3,Organic,4.04,156.05,1,12,Mobile,1,0
20,1,Email,10.01,94.74,0,16,Mobile,1,0
33,6,Ads,10.38,111.64,1,16,Desktop,1,1
45,4,Social Media,6.3,5.0,1,18,Desktop,1,1
61,4,Organic,7.47,167.82,1,6,Tablet,1,1
37,2,Social Media,5.24,61.17,1,4,Desktop,0,0
63,3,Organic,7.33,209.07,0,10,Tablet,1,1
19,5,Social Media,12.81,173.24,0,6,Mobile,1,0
21,4,Email,10.88,93.96,0,15,Desktop,1,1
45,3,Ads,8.46,78.84,1,7,Mobile,1,0
26,4,Email,12.72,48.31,1,12,Desktop,0,0
47,5,Social Media,4.57,143.36,1,7,Tablet,1,0
41,3,Email,5.11,38.68,1,2,Mobile,0,0
32,1,Ads,10.2,198.02,0,1,Tablet,0,1
43,1,Social Media,5.43,220.43,1,12,Tablet,1,1
24,2,Email,4.99,97.24,1,19,Mobile,1,1
61,2,Email,5.59,150.22,0,12,Desktop,1,1
58,5,Organic,4.57,79.28,1,10,Desktop,1,0
28,5,Organic,6.92,47.29,1,16,Mobile,1,1
34,4,Organic,6.11,33.85,0,5,Desktop,1,1
35,4,Ads,9.92,32.66,1,10,Desktop,1,1
43,2,Social Media,7.27,159.21,1,5,Mobile,1,1
52,3,Ads,11.11,129.21,1,9,Mobile,1,1
48,1,Ads,12.56,195.71,0,2,Mobile,1,1
31,4,Ads,8.36,39.18,1,1,Desktop,1,1
45,4,Organic,7.68,108.02,0,5,Tablet,0,0
51,7,Organic,11.38,66.32,1,4,Desktop,1,1
58,1,Ads,7.33,146.31,0,7,Tablet,1,0
39,7,Email,10.09,5.0,0,8,Desktop,1,1
56,5,Social Media,5.58,165.53,1,13,Mobile,1,0
49,0,Ads,5.71,207.1,1,7,Tablet,1,0
54,6,Email,5.81,5.0,1,19,Mobile,1,1
54,2,Ads,2.63,195.86,0,10,Desktop,1,0
54,4,Social Media,8.74,69.8,0,16,Desktop,0,1
45,4,Organic,9.55,79.62,1,19,Desktop,1,1
39,2,Ads,4.37,139.96,1,6,Desktop,1,0
48,3,Email,8.94,13.27,0,16,Desktop,1,0
50,3,Organic,5.13,98.66,1,10,Tablet,0,1
52,2,Email,8.1,187.11,1,18,Desktop,1,0
49,5,Ads,4.35,42.49,1,9,Tablet,1,0
38,5,Ads,3.43,130.82,0,1,Mobile,1,1
62,6,Social Media,8.43,146.36,1,4,Mobile,0,1
34,3,Social Media,6.32,19.4,0,19,Mobile,1,1
54,3,Ads,11.12,108.26,0,4,Desktop,0,1
63,1,Ads,8.26,107.89,1,13,Desktop,1,1
42,1,Ads,8.93,133.89,1,7,Mobile,1,0
36,2,Social Media,15.28,115.25,1,13,Tablet,1,1
54,4,Social Media,7.32,175.39,0,8,Mobile,1,1
52,1,Organic,7.16,72.53,0,5,Desktop,1,1
22,4,Organic,7.99,133.3,1,10,Desktop,1,1
50,3,Organic,5.42,106.65,0,4,Mobile,1,1
55,4,Email,5.5,226.96,0,8,Desktop,1,0
22,1,Organic,4.59,51.7,0,14,Tablet,0,1
57,4,Ads,1.17,142.41,0,10,Desktop,1,0
54,4,Email,11.17,21.9,1,18,Tablet,1,1
31,2,Social Media,11.04,77.57,1,6,Mobile,1,0
38,4,Organic,10.58,54.2,0,4,Desktop,0,0
32,2,Social Media,5.68,167.18,1,10,Mobile,0,1
36,5,Organic,3.54,132.01,1,15,Mobile,1,1
25,5,Organic,5.63,32.67,1,16,Desktop,1,0
42,1,Email,11.44,160.86,1,9,Desktop,1,0
26,6,Ads,5.83,127.6,1,5,Tablet,0,0
34,0,Social Media,14.69,98.85,1,14,Desktop,1,1
59,4,Ads,10.69,176.33,0,5,Desktop,1,1
53,2,Social Media,5.05,186.88,0,10,Tablet,0,0
37,3,Organic,4.26,48.13,1,15,Tablet,1,1
41,2,Email,8.11,36.89,1,8,Desktop,1,1
64,2,Ads,7.77,90.88,1,19,Tablet,1,1
41,3,Ads,11.89,11.18,0,2,Mobile,1,0
19,3,Social Media,4.94,13.72,1,14,Tablet,0,1
21,1,Organic,4.96,53.99,0,8,Desktop,1,1
30,3,Email,12.0,136.0,0,15,Tablet,0,1
29,1,Ads,11.11,136.12,1,13,Mobile,0,0
18,2,Email,12.75,14.63,1,4,Tablet,1,0
44,8,Organic,7.8,156.0,0,5,Desktop,1,0
41,5,Social Media,5.49,23.39,1,7,Desktop,1,1
34,3,Email,10.59,9.94,1,9,Tablet,0,0
52,3,Ads,7.94,165.38,1,3,Desktop,1,1
29,3,Organic,9.31,229.16,0,1,Desktop,1,1
43,1,Organic,10.87,59.34,1,19,Desktop,0,1
58,2,Organic,4.71,44.2,0,9,Mobile,0,1
31,3,Social Media,4.45,60.91,0,17,Tablet,1,0
28,2,Social Media,6.99,127.27,1,7,Desktop,1,1
52,4,Organic,7.68,138.96,1,16,Desktop,1,1
40,2,Social Media,4.49,148.2,0,6,Mobile,0,0
58,2,Organic,6.12,185.35,0,1,Tablet,1,1
40,0,Organic,10.91,129.97,0,6,Mobile,1,0
45,2,Ads,5.31,79.88,1,2,Tablet,1,0
59,4,Ads,6.73,80.17,1,14,Tablet,0,1
22,3,Ads,9.27,206.08,1,13,Tablet,0,1
39,1,Email,10.6,122.91,0,13,Mobile,1,1
24,2,Email,2.47,135.17,1,19,Mobile,1,1
62,5,Ads,12.33,132.76,0,17,Desktop,0,0
23,3,Social Media,8.81,179.89,1,2,Desktop,1,0
56,4,Email,10.72,130.47,1,14,Tablet,0,0
35,4,Organic,9.53,175.54,0,3,Tablet,1,1
35,5,Social Media,8.95,102.28,0,12,Mobile,1,0
26,6,Ads,4.19,137.55,1,15,Desktop,1,1
53,6,Organic,5.3,166.29,1,5,Mobile,1,0
34,0,Email,6.43,163.9,1,9,Desktop,1,1
62,1,Ads,6.72,54.0,1,12,Mobile,1,0
49,2,Organic,5.66,128.59,1,15,Desktop,1,1
59,2,Ads,8.4,185.54,0,15,Desktop,1,1
52,7,Ads,5.73,36.87,1,18,Tablet,1,1
37,1,Email,6.95,181.95,1,9,Mobile,0,1
44,1,Email,3.91,160.26,0,18,Mobile,0,1
52,7,Ads,7.55,189.61,1,18,Mobile,1,1
29,2,Ads,8.54,174.7,1,3,Mobile,1,1
58,4,Ads,11.32,5.0,1,2,Desktop,1,0
40,2,Email,4.95,182.54,0,3,Desktop,1,0
20,3,Email,6.0,98.77,1,3,Mobile,0,1
27,6,Email,4.47,147.83,0,15,Desktop,0,1
54,2,Organic,12.2,221.0,1,2,Mobile,1,1
21,2,Email,6.04,148.95,0,11,Desktop,0,1
61,3,Email,12.9,180.8,1,1,Mobile,1,0
30,3,Social Media,6.82,260.19,0,1,Desktop,0,1
32,4,Social Media,3.25,90.88,1,3,Tablet,1,0
35,1,Organic,6.32,127.57,1,12,Mobile,1,1
38,2,Organic,7.22,15.06,1,8,Tablet,0,0
48,1,Ads,7.03,225.56,1,7,Tablet,1,0
25,2,Ads,9.48,118.27,1,4,Tablet,1,1
55,1,Social Media,11.24,5.0,0,9,Desktop,0,0
20,4,Ads,4.6,147.12,0,14,Desktop,1,0
40,2,Ads,8.12,237.03,1,1,Desktop,1,1
43,3,Social Media,7.2,124.56,0,9,Mobile,1,0
23,3,Organic,4.91,170.79,1,4,Mobile,1,0
48,2,Social Media,6.51,122.48,1,1,Desktop,0,0
46,3,Social Media,6.79,89.58,0,7,Tablet,1,0
37,4,Ads,9.24,150.29,0,19,Mobile,1,1
34,3,Social Media,9.83,14.57,1,18,Desktop,1,1
58,1,Ads,9.99,177.14,1,5,Mobile,1,0
56,3,Ads,10.07,96.58,1,14,Desktop,1,1
51,1,Email,9.54,38.61,1,7,Mobile,1,1
31,3,Organic,11.11,167.9,1,3,Tablet,1,0
53,5,Social Media,18.12,101.43,0,12,Desktop,1,1
56,2,Social Media,15.61,145.81,0,15,Tablet,1,0
35,1,Organic,8.07,193.72,1,7,Desktop,1,1
35,1,Email,10.25,125.43,1,13,Desktop,1,1
34,5,Social Media,7.47,202.61,0,17,Mobile,1,1
51,5,Email,11.2,165.08,0,9,Desktop,0,1
22,3,Ads,8.26,164.58,1,9,Mobile,1,0
52,5,Ads,7.62,74.31,0,7,Desktop,1,0
39,5,Ads,10.47,138.19,0,11,Tablet,1,0
56,4,Ads,7.84,220.36,0,17,Desktop,1,1
36,2,Organic,13.74,94.22,1,12,Desktop,1,1
48,0,Social Media,12.35,113.21,1,19,Mobile,1,1
45,5,Ads,11.12,5.0,1,10,Tablet,1,1
41,4,Email,8.14,64.56,1,9,Mobile,0,1
53,6,Ads,11.97,12.04,1,19,Desktop,1,1
61,1,Email,7.44,25.98,1,10,Mobile,1,0
62,3,Email,13.24,99.53,0,16,Tablet,0,0
63,3,Email,5.79,107.07,1,10,Tablet,1,1
53,1,Organic,4.98,93.33,0,13,Desktop,1,1
38,5,Ads,8.84,142.09,1,4,Tablet,0,1
60,2,Organic,7.88,267.57,1,5,Desktop,1,1
33,4,Email,9.02,195.69,1,6,Tablet,1,1
26,2,Social Media,2.65,5.0,0,14,Desktop,1,0
20,3,Ads,6.11,218.82,0,7,Tablet,1,0
19,6,Social Media,9.61,219.28,1,3,Desktop,1,1
26,3,Organic,6.59,35.24,0,3,Mobile,1,0
34,3,Ads,11.26,81.24,1,1,Tablet,1,1
41,2,Social Media,7.08,203.61,0,13,Desktop,1,1
58,2,Social Media,3.63,172.21,0,5,Mobile,0,0
43,1,Email,3.48,75.48,1,5,Mobile,1,1
40,2,Ads,10.66,176.26,1,13,Tablet,0,0
45,5,Ads,7.37,62.01,0,14,Mobile,1,1
